id,chart,hardness,code execution_fail_rate,surface-form check_fail_rate,deconstruction_fail_rate,chart type check_fail_rate,data check_fail_rate,order check_fail_rate,layout check_fail_rate,scale and ticks check_fail_rate,invalid_rate,illegal rate,pass_rate,quality_score,readability_score,is_multi_table,text_model,vision_model
4,Pie,Medium,0.5,0.0,0.0,0.0,0.5,0.0,0.0,0.0,0.5,0.5,0.0,0.0,,True,Qwen/Qwen2.5-Coder-14B-Instruct-AWQ,None
4,Pie,Medium,0.5,0.0,0.0,0.0,0.5,0.0,0.0,0.0,0.5,0.5,0.0,0.0,,True,Qwen/Qwen2.5-Coder-14B-Instruct-AWQ,None
4,Pie,Medium,0.5,0.0,0.0,0.0,0.5,0.0,0.0,0.0,0.5,0.5,0.0,0.0,,True,Qwen/Qwen2.5-Coder-14B-Instruct-AWQ,None
5,Bar,Medium,0.0,0.0,0.0,0.0,0.0,0.0,0.0,0.0,0.0,0.0,1.0,0.0,0.0,True,Qwen/Qwen2.5-Coder-14B-Instruct-AWQ,None
5,Bar,Medium,0.0,0.0,0.0,0.0,0.0,0.0,0.0,0.0,0.0,0.0,1.0,0.0,0.0,True,Qwen/Qwen2.5-Coder-14B-Instruct-AWQ,None
5,Bar,Medium,0.0,0.0,0.0,0.0,0.0,0.0,0.0,0.0,0.0,0.0,1.0,0.0,0.0,True,Qwen/Qwen2.5-Coder-14B-Instruct-AWQ,None
8,Pie,Easy,0.0,0.0,0.0,0.0,1.0,0.0,0.0,0.0,0.0,1.0,0.0,0.0,,False,Qwen/Qwen2.5-Coder-14B-Instruct-AWQ,None
8,Pie,Easy,0.0,0.0,0.0,0.0,1.0,0.0,0.0,0.0,0.0,1.0,0.0,0.0,,False,Qwen/Qwen2.5-Coder-14B-Instruct-AWQ,None
8,Pie,Easy,0.0,0.0,0.0,0.0,1.0,0.0,0.0,0.0,0.0,1.0,0.0,0.0,,False,Qwen/Qwen2.5-Coder-14B-Instruct-AWQ,None
9,Bar,Easy,0.0,0.0,0.0,0.0,0.0,0.0,0.0,0.0,0.0,0.0,1.0,0.0,0.0,False,Qwen/Qwen2.5-Coder-14B-Instruct-AWQ,None
9,Bar,Easy,0.0,0.0,0.0,0.0,0.0,0.0,0.0,0.0,0.0,0.0,1.0,0.0,0.0,False,Qwen/Qwen2.5-Coder-14B-Instruct-AWQ,None
9,Bar,Easy,0.0,0.0,0.0,0.0,0.0,0.0,0.0,0.0,0.0,0.0,1.0,0.0,0.0,False,Qwen/Qwen2.5-Coder-14B-Instruct-AWQ,None
14,Pie,Easy,0.0,0.0,0.0,0.0,1.0,0.0,0.0,0.0,0.0,1.0,0.0,0.0,,False,Qwen/Qwen2.5-Coder-14B-Instruct-AWQ,None
14,Pie,Easy,0.0,0.0,0.0,0.0,1.0,0.0,0.0,0.0,0.0,1.0,0.0,0.0,,False,Qwen/Qwen2.5-Coder-14B-Instruct-AWQ,None
14,Pie,Easy,0.0,0.0,0.0,0.0,1.0,0.0,0.0,0.0,0.0,1.0,0.0,0.0,,False,Qwen/Qwen2.5-Coder-14B-Instruct-AWQ,None
21,Pie,Medium,0.0,0.0,0.0,0.0,1.0,0.0,0.0,0.0,0.0,1.0,0.0,0.0,,False,Qwen/Qwen2.5-Coder-14B-Instruct-AWQ,None
21,Pie,Medium,0.0,0.0,0.0,0.0,1.0,0.0,0.0,0.0,0.0,1.0,0.0,0.0,,False,Qwen/Qwen2.5-Coder-14B-Instruct-AWQ,None
21,Pie,Medium,0.0,0.0,0.0,0.0,1.0,0.0,0.0,0.0,0.0,1.0,0.0,0.0,,False,Qwen/Qwen2.5-Coder-14B-Instruct-AWQ,None
32,Bar,Medium,0.0,0.0,0.0,0.0,0.0,0.0,0.0,0.0,0.0,0.0,1.0,0.0,0.0,True,Qwen/Qwen2.5-Coder-14B-Instruct-AWQ,None
32,Bar,Medium,0.0,0.0,0.0,0.0,0.0,0.0,0.0,0.0,0.0,0.0,1.0,0.0,0.0,True,Qwen/Qwen2.5-Coder-14B-Instruct-AWQ,None
32,Bar,Medium,0.0,0.0,0.0,0.0,0.0,0.0,0.0,0.0,0.0,0.0,1.0,0.0,0.0,True,Qwen/Qwen2.5-Coder-14B-Instruct-AWQ,None
33,Pie,Easy,0.0,0.0,0.0,0.0,1.0,0.0,0.0,0.0,0.0,1.0,0.0,0.0,,False,Qwen/Qwen2.5-Coder-14B-Instruct-AWQ,None
33,Pie,Easy,0.0,0.0,0.0,0.0,1.0,0.0,0.0,0.0,0.0,1.0,0.0,0.0,,False,Qwen/Qwen2.5-Coder-14B-Instruct-AWQ,None
33,Pie,Easy,0.0,0.0,0.0,0.0,1.0,0.0,0.0,0.0,0.0,1.0,0.0,0.0,,False,Qwen/Qwen2.5-Coder-14B-Instruct-AWQ,None
34,Bar,Easy,0.0,0.0,0.0,0.0,0.0,0.0,0.0,0.0,0.0,0.0,1.0,0.0,0.0,False,Qwen/Qwen2.5-Coder-14B-Instruct-AWQ,None
34,Bar,Easy,0.0,0.0,0.0,0.0,0.0,0.0,0.0,0.0,0.0,0.0,1.0,0.0,0.0,False,Qwen/Qwen2.5-Coder-14B-Instruct-AWQ,None
34,Bar,Easy,0.0,0.0,0.0,0.0,0.0,0.0,0.0,0.0,0.0,0.0,1.0,0.0,0.0,False,Qwen/Qwen2.5-Coder-14B-Instruct-AWQ,None
35,Pie,Medium,0.0,0.0,0.0,0.0,1.0,0.0,0.0,0.0,0.0,1.0,0.0,0.0,,True,Qwen/Qwen2.5-Coder-14B-Instruct-AWQ,None
35,Pie,Medium,0.0,0.0,0.0,0.0,1.0,0.0,0.0,0.0,0.0,1.0,0.0,0.0,,True,Qwen/Qwen2.5-Coder-14B-Instruct-AWQ,None
35,Pie,Medium,0.0,0.0,0.0,0.0,1.0,0.0,0.0,0.0,0.0,1.0,0.0,0.0,,True,Qwen/Qwen2.5-Coder-14B-Instruct-AWQ,None
36,Bar,Medium,0.0,0.0,0.0,0.0,1.0,0.0,0.0,0.0,0.0,1.0,0.0,0.0,,True,Qwen/Qwen2.5-Coder-14B-Instruct-AWQ,None
36,Bar,Medium,0.0,0.0,0.0,0.0,1.0,0.0,0.0,0.0,0.0,1.0,0.0,0.0,,True,Qwen/Qwen2.5-Coder-14B-Instruct-AWQ,None
36,Bar,Medium,0.0,0.0,0.0,0.0,1.0,0.0,0.0,0.0,0.0,1.0,0.0,0.0,,True,Qwen/Qwen2.5-Coder-14B-Instruct-AWQ,None
37,Pie,Medium,0.0,0.0,0.0,0.0,1.0,0.0,0.0,0.0,0.0,1.0,0.0,0.0,,True,Qwen/Qwen2.5-Coder-14B-Instruct-AWQ,None
37,Pie,Medium,0.0,0.0,0.0,0.0,1.0,0.0,0.0,0.0,0.0,1.0,0.0,0.0,,True,Qwen/Qwen2.5-Coder-14B-Instruct-AWQ,None
37,Pie,Medium,0.0,0.0,0.0,0.0,1.0,0.0,0.0,0.0,0.0,1.0,0.0,0.0,,True,Qwen/Qwen2.5-Coder-14B-Instruct-AWQ,None
46,Pie,Easy,0.0,0.0,0.0,0.0,1.0,0.0,0.0,0.0,0.0,1.0,0.0,0.0,,False,Qwen/Qwen2.5-Coder-14B-Instruct-AWQ,None
46,Pie,Easy,0.0,0.0,0.0,0.0,1.0,0.0,0.0,0.0,0.0,1.0,0.0,0.0,,False,Qwen/Qwen2.5-Coder-14B-Instruct-AWQ,None
46,Pie,Easy,0.0,0.0,0.0,0.0,1.0,0.0,0.0,0.0,0.0,1.0,0.0,0.0,,False,Qwen/Qwen2.5-Coder-14B-Instruct-AWQ,None
54,Pie,Hard,0.0,0.0,0.0,0.0,1.0,0.0,0.0,0.0,0.0,1.0,0.0,0.0,,True,Qwen/Qwen2.5-Coder-14B-Instruct-AWQ,None
54,Pie,Hard,0.0,0.0,0.0,0.0,1.0,0.0,0.0,0.0,0.0,1.0,0.0,0.0,,True,Qwen/Qwen2.5-Coder-14B-Instruct-AWQ,None
54,Pie,Hard,0.0,0.0,0.0,0.0,1.0,0.0,0.0,0.0,0.0,1.0,0.0,0.0,,True,Qwen/Qwen2.5-Coder-14B-Instruct-AWQ,None
55,Bar,Hard,0.0,0.0,0.0,0.0,0.0,0.0,0.0,0.0,0.0,0.0,1.0,0.0,0.0,True,Qwen/Qwen2.5-Coder-14B-Instruct-AWQ,None
55,Bar,Hard,0.0,0.0,0.0,0.0,0.0,0.0,0.0,0.0,0.0,0.0,1.0,0.0,0.0,True,Qwen/Qwen2.5-Coder-14B-Instruct-AWQ,None
55,Bar,Hard,0.0,0.0,0.0,0.0,0.0,0.0,0.0,0.0,0.0,0.0,1.0,0.0,0.0,True,Qwen/Qwen2.5-Coder-14B-Instruct-AWQ,None
62,Scatter,Easy,0.0,0.0,0.0,0.0,0.0,0.0,0.0,0.0,0.0,0.0,1.0,0.0,0.0,False,Qwen/Qwen2.5-Coder-14B-Instruct-AWQ,None
62,Scatter,Easy,0.0,0.0,0.0,0.0,0.0,0.0,0.0,0.0,0.0,0.0,1.0,0.0,0.0,False,Qwen/Qwen2.5-Coder-14B-Instruct-AWQ,None
62,Scatter,Easy,0.0,0.0,0.0,0.0,0.0,0.0,0.0,0.0,0.0,0.0,1.0,0.0,0.0,False,Qwen/Qwen2.5-Coder-14B-Instruct-AWQ,None
63,Pie,Medium,0.0,0.0,0.0,0.0,1.0,0.0,0.0,0.0,0.0,1.0,0.0,0.0,,False,Qwen/Qwen2.5-Coder-14B-Instruct-AWQ,None
63,Pie,Medium,0.0,0.0,0.0,0.0,1.0,0.0,0.0,0.0,0.0,1.0,0.0,0.0,,False,Qwen/Qwen2.5-Coder-14B-Instruct-AWQ,None
63,Pie,Medium,0.0,0.0,0.0,0.0,1.0,0.0,0.0,0.0,0.0,1.0,0.0,0.0,,False,Qwen/Qwen2.5-Coder-14B-Instruct-AWQ,None
64,Bar,Medium,0.0,0.0,0.0,0.0,0.0,0.0,0.0,0.0,0.0,0.0,1.0,0.0,0.0,False,Qwen/Qwen2.5-Coder-14B-Instruct-AWQ,None
64,Bar,Medium,0.0,0.0,0.0,0.0,0.0,0.0,0.0,0.0,0.0,0.0,1.0,0.0,0.0,False,Qwen/Qwen2.5-Coder-14B-Instruct-AWQ,None
64,Bar,Medium,0.0,0.0,0.0,0.0,0.0,0.0,0.0,0.0,0.0,0.0,1.0,0.0,0.0,False,Qwen/Qwen2.5-Coder-14B-Instruct-AWQ,None
65,Bar,Hard,0.0,0.0,0.0,0.0,0.0,0.0,0.0,0.0,0.0,0.0,1.0,0.0,0.0,True,Qwen/Qwen2.5-Coder-14B-Instruct-AWQ,None
65,Bar,Hard,0.0,0.0,0.0,0.0,0.0,0.0,0.0,0.0,0.0,0.0,1.0,0.0,0.0,True,Qwen/Qwen2.5-Coder-14B-Instruct-AWQ,None
65,Bar,Hard,0.0,0.0,0.0,0.0,0.0,0.0,0.0,0.0,0.0,0.0,1.0,0.0,0.0,True,Qwen/Qwen2.5-Coder-14B-Instruct-AWQ,None
68,Bar,Hard,1.0,0.0,0.0,0.0,0.0,0.0,0.0,0.0,1.0,0.0,0.0,0.0,,True,Qwen/Qwen2.5-Coder-14B-Instruct-AWQ,None
68,Bar,Hard,1.0,0.0,0.0,0.0,0.0,0.0,0.0,0.0,1.0,0.0,0.0,0.0,,True,Qwen/Qwen2.5-Coder-14B-Instruct-AWQ,None
68,Bar,Hard,1.0,0.0,0.0,0.0,0.0,0.0,0.0,0.0,1.0,0.0,0.0,0.0,,True,Qwen/Qwen2.5-Coder-14B-Instruct-AWQ,None
69,Bar,Hard,0.0,0.0,0.0,0.0,0.0,0.0,0.0,0.0,0.0,0.0,1.0,0.0,0.0,True,Qwen/Qwen2.5-Coder-14B-Instruct-AWQ,None
69,Bar,Hard,0.0,0.0,0.0,0.0,0.0,0.0,0.0,0.0,0.0,0.0,1.0,0.0,0.0,True,Qwen/Qwen2.5-Coder-14B-Instruct-AWQ,None
69,Bar,Hard,0.0,0.0,0.0,0.0,0.0,0.0,0.0,0.0,0.0,0.0,1.0,0.0,0.0,True,Qwen/Qwen2.5-Coder-14B-Instruct-AWQ,None
72,Bar,Hard,0.5,0.0,0.0,0.0,0.0,0.0,0.0,0.0,0.5,0.0,0.5,0.0,0.0,True,Qwen/Qwen2.5-Coder-14B-Instruct-AWQ,None
72,Bar,Hard,0.5,0.0,0.0,0.0,0.0,0.0,0.0,0.0,0.5,0.0,0.5,0.0,0.0,True,Qwen/Qwen2.5-Coder-14B-Instruct-AWQ,None
72,Bar,Hard,0.5,0.0,0.0,0.0,0.0,0.0,0.0,0.0,0.5,0.0,0.5,0.0,0.0,True,Qwen/Qwen2.5-Coder-14B-Instruct-AWQ,None
74,Bar,Easy,0.0,0.0,0.0,0.0,0.0,0.0,0.0,0.0,0.0,0.0,1.0,0.0,0.0,False,Qwen/Qwen2.5-Coder-14B-Instruct-AWQ,None
74,Bar,Easy,0.0,0.0,0.0,0.0,0.0,0.0,0.0,0.0,0.0,0.0,1.0,0.0,0.0,False,Qwen/Qwen2.5-Coder-14B-Instruct-AWQ,None
74,Bar,Easy,0.0,0.0,0.0,0.0,0.0,0.0,0.0,0.0,0.0,0.0,1.0,0.0,0.0,False,Qwen/Qwen2.5-Coder-14B-Instruct-AWQ,None
77,Bar,Hard,0.0,0.0,0.0,0.0,0.0,0.0,0.0,0.0,0.0,0.0,1.0,0.0,0.0,True,Qwen/Qwen2.5-Coder-14B-Instruct-AWQ,None
77,Bar,Hard,0.0,0.0,0.0,0.0,0.0,0.0,0.0,0.0,0.0,0.0,1.0,0.0,0.0,True,Qwen/Qwen2.5-Coder-14B-Instruct-AWQ,None
77,Bar,Hard,0.0,0.0,0.0,0.0,0.0,0.0,0.0,0.0,0.0,0.0,1.0,0.0,0.0,True,Qwen/Qwen2.5-Coder-14B-Instruct-AWQ,None
81,Pie,Hard,0.0,0.0,0.0,0.0,0.5,0.0,0.0,0.0,0.0,0.5,0.5,0.0,0.0,True,Qwen/Qwen2.5-Coder-14B-Instruct-AWQ,None
81,Pie,Hard,0.0,0.0,0.0,0.0,0.5,0.0,0.0,0.0,0.0,0.5,0.5,0.0,0.0,True,Qwen/Qwen2.5-Coder-14B-Instruct-AWQ,None
81,Pie,Hard,0.0,0.0,0.0,0.0,0.5,0.0,0.0,0.0,0.0,0.5,0.5,0.0,0.0,True,Qwen/Qwen2.5-Coder-14B-Instruct-AWQ,None
86,Bar,Easy,0.0,0.0,0.0,0.0,0.5,0.0,0.0,0.0,0.0,0.5,0.5,0.0,0.0,False,Qwen/Qwen2.5-Coder-14B-Instruct-AWQ,None
86,Bar,Easy,0.0,0.0,0.0,0.0,0.5,0.0,0.0,0.0,0.0,0.5,0.5,0.0,0.0,False,Qwen/Qwen2.5-Coder-14B-Instruct-AWQ,None
86,Bar,Easy,0.0,0.0,0.0,0.0,0.5,0.0,0.0,0.0,0.0,0.5,0.5,0.0,0.0,False,Qwen/Qwen2.5-Coder-14B-Instruct-AWQ,None
93,Pie,Medium,0.0,0.0,0.0,0.0,1.0,0.0,0.0,0.0,0.0,1.0,0.0,0.0,,False,Qwen/Qwen2.5-Coder-14B-Instruct-AWQ,None
93,Pie,Medium,0.0,0.0,0.0,0.0,1.0,0.0,0.0,0.0,0.0,1.0,0.0,0.0,,False,Qwen/Qwen2.5-Coder-14B-Instruct-AWQ,None
93,Pie,Medium,0.0,0.0,0.0,0.0,1.0,0.0,0.0,0.0,0.0,1.0,0.0,0.0,,False,Qwen/Qwen2.5-Coder-14B-Instruct-AWQ,None
94,Bar,Medium,0.0,0.0,0.0,0.0,0.0,0.0,0.0,0.0,0.0,0.0,1.0,0.0,0.0,False,Qwen/Qwen2.5-Coder-14B-Instruct-AWQ,None
94,Bar,Medium,0.0,0.0,0.0,0.0,0.0,0.0,0.0,0.0,0.0,0.0,1.0,0.0,0.0,False,Qwen/Qwen2.5-Coder-14B-Instruct-AWQ,None
94,Bar,Medium,0.0,0.0,0.0,0.0,0.0,0.0,0.0,0.0,0.0,0.0,1.0,0.0,0.0,False,Qwen/Qwen2.5-Coder-14B-Instruct-AWQ,None
95,Pie,Easy,0.0,0.0,0.0,0.0,1.0,0.0,0.0,0.0,0.0,1.0,0.0,0.0,,False,Qwen/Qwen2.5-Coder-14B-Instruct-AWQ,None
95,Pie,Easy,0.0,0.0,0.0,0.0,1.0,0.0,0.0,0.0,0.0,1.0,0.0,0.0,,False,Qwen/Qwen2.5-Coder-14B-Instruct-AWQ,None
95,Pie,Easy,0.0,0.0,0.0,0.0,1.0,0.0,0.0,0.0,0.0,1.0,0.0,0.0,,False,Qwen/Qwen2.5-Coder-14B-Instruct-AWQ,None
96,Bar,Easy,0.0,0.0,0.0,0.0,0.0,0.0,0.0,0.0,0.0,0.0,1.0,0.0,0.0,False,Qwen/Qwen2.5-Coder-14B-Instruct-AWQ,None
96,Bar,Easy,0.0,0.0,0.0,0.0,0.0,0.0,0.0,0.0,0.0,0.0,1.0,0.0,0.0,False,Qwen/Qwen2.5-Coder-14B-Instruct-AWQ,None
96,Bar,Easy,0.0,0.0,0.0,0.0,0.0,0.0,0.0,0.0,0.0,0.0,1.0,0.0,0.0,False,Qwen/Qwen2.5-Coder-14B-Instruct-AWQ,None
98,Bar,Medium,0.0,0.0,0.0,0.0,0.0,0.0,0.0,0.0,0.0,0.0,1.0,0.0,0.0,True,Qwen/Qwen2.5-Coder-14B-Instruct-AWQ,None
98,Bar,Medium,0.0,0.0,0.0,0.0,0.0,0.0,0.0,0.0,0.0,0.0,1.0,0.0,0.0,True,Qwen/Qwen2.5-Coder-14B-Instruct-AWQ,None
98,Bar,Medium,0.0,0.0,0.0,0.0,0.0,0.0,0.0,0.0,0.0,0.0,1.0,0.0,0.0,True,Qwen/Qwen2.5-Coder-14B-Instruct-AWQ,None
103,Pie,Hard,0.5,0.0,0.0,0.0,0.5,0.0,0.0,0.0,0.5,0.5,0.0,0.0,,True,Qwen/Qwen2.5-Coder-14B-Instruct-AWQ,None
103,Pie,Hard,0.5,0.0,0.0,0.0,0.5,0.0,0.0,0.0,0.5,0.5,0.0,0.0,,True,Qwen/Qwen2.5-Coder-14B-Instruct-AWQ,None
103,Pie,Hard,0.5,0.0,0.0,0.0,0.5,0.0,0.0,0.0,0.5,0.5,0.0,0.0,,True,Qwen/Qwen2.5-Coder-14B-Instruct-AWQ,None
120,Bar,Medium,0.0,0.0,0.0,0.0,0.0,0.0,0.0,0.0,0.0,0.0,1.0,0.0,0.0,True,Qwen/Qwen2.5-Coder-14B-Instruct-AWQ,None
120,Bar,Medium,0.0,0.0,0.0,0.0,0.0,0.0,0.0,0.0,0.0,0.0,1.0,0.0,0.0,True,Qwen/Qwen2.5-Coder-14B-Instruct-AWQ,None
120,Bar,Medium,0.0,0.0,0.0,0.0,0.0,0.0,0.0,0.0,0.0,0.0,1.0,0.0,0.0,True,Qwen/Qwen2.5-Coder-14B-Instruct-AWQ,None
131,Pie,Medium,0.0,0.0,0.0,0.0,0.0,0.0,0.0,0.0,0.0,0.0,1.0,0.0,0.0,True,Qwen/Qwen2.5-Coder-14B-Instruct-AWQ,None
131,Pie,Medium,0.0,0.0,0.0,0.0,0.0,0.0,0.0,0.0,0.0,0.0,1.0,0.0,0.0,True,Qwen/Qwen2.5-Coder-14B-Instruct-AWQ,None
131,Pie,Medium,0.0,0.0,0.0,0.0,0.0,0.0,0.0,0.0,0.0,0.0,1.0,0.0,0.0,True,Qwen/Qwen2.5-Coder-14B-Instruct-AWQ,None
138,Pie,Medium,0.0,0.0,0.0,0.0,1.0,0.0,0.0,0.0,0.0,1.0,0.0,0.0,,True,Qwen/Qwen2.5-Coder-14B-Instruct-AWQ,None
138,Pie,Medium,0.0,0.0,0.0,0.0,1.0,0.0,0.0,0.0,0.0,1.0,0.0,0.0,,True,Qwen/Qwen2.5-Coder-14B-Instruct-AWQ,None
138,Pie,Medium,0.0,0.0,0.0,0.0,1.0,0.0,0.0,0.0,0.0,1.0,0.0,0.0,,True,Qwen/Qwen2.5-Coder-14B-Instruct-AWQ,None
146,Stacked Bar,Hard,0.0,0.0,0.0,0.0,0.0,0.0,0.0,0.0,0.0,0.0,1.0,0.0,0.0,True,Qwen/Qwen2.5-Coder-14B-Instruct-AWQ,None
146,Stacked Bar,Hard,0.0,0.0,0.0,0.0,0.0,0.0,0.0,0.0,0.0,0.0,1.0,0.0,0.0,True,Qwen/Qwen2.5-Coder-14B-Instruct-AWQ,None
146,Stacked Bar,Hard,0.0,0.0,0.0,0.0,0.0,0.0,0.0,0.0,0.0,0.0,1.0,0.0,0.0,True,Qwen/Qwen2.5-Coder-14B-Instruct-AWQ,None
150,Pie,Medium,0.0,0.0,0.0,0.0,1.0,0.0,0.0,0.0,0.0,1.0,0.0,0.0,,True,Qwen/Qwen2.5-Coder-14B-Instruct-AWQ,None
150,Pie,Medium,0.0,0.0,0.0,0.0,1.0,0.0,0.0,0.0,0.0,1.0,0.0,0.0,,True,Qwen/Qwen2.5-Coder-14B-Instruct-AWQ,None
150,Pie,Medium,0.0,0.0,0.0,0.0,1.0,0.0,0.0,0.0,0.0,1.0,0.0,0.0,,True,Qwen/Qwen2.5-Coder-14B-Instruct-AWQ,None
158,Bar,Hard,1.0,0.0,0.0,0.0,0.0,0.0,0.0,0.0,1.0,0.0,0.0,0.0,,True,Qwen/Qwen2.5-Coder-14B-Instruct-AWQ,None
158,Bar,Hard,1.0,0.0,0.0,0.0,0.0,0.0,0.0,0.0,1.0,0.0,0.0,0.0,,True,Qwen/Qwen2.5-Coder-14B-Instruct-AWQ,None
158,Bar,Hard,1.0,0.0,0.0,0.0,0.0,0.0,0.0,0.0,1.0,0.0,0.0,0.0,,True,Qwen/Qwen2.5-Coder-14B-Instruct-AWQ,None
163,Line,Hard,0.0,0.0,0.0,0.0,0.0,0.0,0.0,0.0,0.0,0.0,1.0,0.0,0.0,True,Qwen/Qwen2.5-Coder-14B-Instruct-AWQ,None
163,Line,Hard,0.0,0.0,0.0,0.0,0.0,0.0,0.0,0.0,0.0,0.0,1.0,0.0,0.0,True,Qwen/Qwen2.5-Coder-14B-Instruct-AWQ,None
163,Line,Hard,0.0,0.0,0.0,0.0,0.0,0.0,0.0,0.0,0.0,0.0,1.0,0.0,0.0,True,Qwen/Qwen2.5-Coder-14B-Instruct-AWQ,None
173,Pie,Medium,0.0,0.0,0.0,0.0,1.0,0.0,0.0,0.0,0.0,1.0,0.0,0.0,,False,Qwen/Qwen2.5-Coder-14B-Instruct-AWQ,None
173,Pie,Medium,0.0,0.0,0.0,0.0,1.0,0.0,0.0,0.0,0.0,1.0,0.0,0.0,,False,Qwen/Qwen2.5-Coder-14B-Instruct-AWQ,None
173,Pie,Medium,0.0,0.0,0.0,0.0,1.0,0.0,0.0,0.0,0.0,1.0,0.0,0.0,,False,Qwen/Qwen2.5-Coder-14B-Instruct-AWQ,None
175,Scatter,Medium,0.0,0.0,0.0,0.0,0.0,0.0,0.0,0.0,0.0,0.0,1.0,0.0,0.0,True,Qwen/Qwen2.5-Coder-14B-Instruct-AWQ,None
175,Scatter,Medium,0.0,0.0,0.0,0.0,0.0,0.0,0.0,0.0,0.0,0.0,1.0,0.0,0.0,True,Qwen/Qwen2.5-Coder-14B-Instruct-AWQ,None
175,Scatter,Medium,0.0,0.0,0.0,0.0,0.0,0.0,0.0,0.0,0.0,0.0,1.0,0.0,0.0,True,Qwen/Qwen2.5-Coder-14B-Instruct-AWQ,None
186,Bar,Medium,0.0,0.0,0.0,0.0,0.0,0.0,0.0,0.0,0.0,0.0,1.0,0.0,0.0,False,Qwen/Qwen2.5-Coder-14B-Instruct-AWQ,None
186,Bar,Medium,0.0,0.0,0.0,0.0,0.0,0.0,0.0,0.0,0.0,0.0,1.0,0.0,0.0,False,Qwen/Qwen2.5-Coder-14B-Instruct-AWQ,None
186,Bar,Medium,0.0,0.0,0.0,0.0,0.0,0.0,0.0,0.0,0.0,0.0,1.0,0.0,0.0,False,Qwen/Qwen2.5-Coder-14B-Instruct-AWQ,None
189,Stacked Bar,Extra Hard,0.0,0.0,0.0,0.0,0.0,0.0,0.0,0.0,0.0,0.0,1.0,0.0,0.0,False,Qwen/Qwen2.5-Coder-14B-Instruct-AWQ,None
189,Stacked Bar,Extra Hard,0.0,0.0,0.0,0.0,0.0,0.0,0.0,0.0,0.0,0.0,1.0,0.0,0.0,False,Qwen/Qwen2.5-Coder-14B-Instruct-AWQ,None
189,Stacked Bar,Extra Hard,0.0,0.0,0.0,0.0,0.0,0.0,0.0,0.0,0.0,0.0,1.0,0.0,0.0,False,Qwen/Qwen2.5-Coder-14B-Instruct-AWQ,None
194,Stacked Bar,Extra Hard,0.0,0.0,0.0,0.0,0.0,0.0,0.0,0.0,0.0,0.0,1.0,0.0,0.0,False,Qwen/Qwen2.5-Coder-14B-Instruct-AWQ,None
194,Stacked Bar,Extra Hard,0.0,0.0,0.0,0.0,0.0,0.0,0.0,0.0,0.0,0.0,1.0,0.0,0.0,False,Qwen/Qwen2.5-Coder-14B-Instruct-AWQ,None
194,Stacked Bar,Extra Hard,0.0,0.0,0.0,0.0,0.0,0.0,0.0,0.0,0.0,0.0,1.0,0.0,0.0,False,Qwen/Qwen2.5-Coder-14B-Instruct-AWQ,None
195,Stacked Bar,Extra Hard,0.0,0.0,0.0,1.0,1.0,0.0,0.0,0.0,0.0,1.0,0.0,0.0,,False,Qwen/Qwen2.5-Coder-14B-Instruct-AWQ,None
195,Stacked Bar,Extra Hard,0.0,0.0,0.0,1.0,1.0,0.0,0.0,0.0,0.0,1.0,0.0,0.0,,False,Qwen/Qwen2.5-Coder-14B-Instruct-AWQ,None
195,Stacked Bar,Extra Hard,0.0,0.0,0.0,1.0,1.0,0.0,0.0,0.0,0.0,1.0,0.0,0.0,,False,Qwen/Qwen2.5-Coder-14B-Instruct-AWQ,None
196,Stacked Bar,Extra Hard,0.0,0.0,0.0,0.4,0.4,0.0,0.0,0.0,0.0,0.4,0.6,0.0,0.0,False,Qwen/Qwen2.5-Coder-14B-Instruct-AWQ,None
196,Stacked Bar,Extra Hard,0.0,0.0,0.0,0.4,0.4,0.0,0.0,0.0,0.0,0.4,0.6,0.0,0.0,False,Qwen/Qwen2.5-Coder-14B-Instruct-AWQ,None
196,Stacked Bar,Extra Hard,0.0,0.0,0.0,0.4,0.4,0.0,0.0,0.0,0.0,0.4,0.6,0.0,0.0,False,Qwen/Qwen2.5-Coder-14B-Instruct-AWQ,None
201,Stacked Bar,Extra Hard,0.0,0.0,0.0,0.2,0.2,0.0,0.0,0.0,0.0,0.2,0.8,0.0,0.0,False,Qwen/Qwen2.5-Coder-14B-Instruct-AWQ,None
201,Stacked Bar,Extra Hard,0.0,0.0,0.0,0.2,0.2,0.0,0.0,0.0,0.0,0.2,0.8,0.0,0.0,False,Qwen/Qwen2.5-Coder-14B-Instruct-AWQ,None
201,Stacked Bar,Extra Hard,0.0,0.0,0.0,0.2,0.2,0.0,0.0,0.0,0.0,0.2,0.8,0.0,0.0,False,Qwen/Qwen2.5-Coder-14B-Instruct-AWQ,None
202,Stacked Bar,Extra Hard,0.0,0.0,0.0,0.5,0.5,0.0,0.0,0.0,0.0,0.5,0.5,0.0,0.0,False,Qwen/Qwen2.5-Coder-14B-Instruct-AWQ,None
202,Stacked Bar,Extra Hard,0.0,0.0,0.0,0.5,0.5,0.0,0.0,0.0,0.0,0.5,0.5,0.0,0.0,False,Qwen/Qwen2.5-Coder-14B-Instruct-AWQ,None
202,Stacked Bar,Extra Hard,0.0,0.0,0.0,0.5,0.5,0.0,0.0,0.0,0.0,0.5,0.5,0.0,0.0,False,Qwen/Qwen2.5-Coder-14B-Instruct-AWQ,None
205,Bar,Medium,0.0,0.0,0.0,0.0,0.0,0.0,0.0,0.0,0.0,0.0,1.0,0.0,0.0,False,Qwen/Qwen2.5-Coder-14B-Instruct-AWQ,None
205,Bar,Medium,0.0,0.0,0.0,0.0,0.0,0.0,0.0,0.0,0.0,0.0,1.0,0.0,0.0,False,Qwen/Qwen2.5-Coder-14B-Instruct-AWQ,None
205,Bar,Medium,0.0,0.0,0.0,0.0,0.0,0.0,0.0,0.0,0.0,0.0,1.0,0.0,0.0,False,Qwen/Qwen2.5-Coder-14B-Instruct-AWQ,None
210,Stacked Bar,Extra Hard,0.0,0.0,0.0,0.0,0.0,0.0,0.0,0.0,0.0,0.0,1.0,0.0,0.0,False,Qwen/Qwen2.5-Coder-14B-Instruct-AWQ,None
210,Stacked Bar,Extra Hard,0.0,0.0,0.0,0.0,0.0,0.0,0.0,0.0,0.0,0.0,1.0,0.0,0.0,False,Qwen/Qwen2.5-Coder-14B-Instruct-AWQ,None
210,Stacked Bar,Extra Hard,0.0,0.0,0.0,0.0,0.0,0.0,0.0,0.0,0.0,0.0,1.0,0.0,0.0,False,Qwen/Qwen2.5-Coder-14B-Instruct-AWQ,None
211,Stacked Bar,Extra Hard,0.0,0.0,0.0,0.0,0.0,0.0,0.0,0.0,0.0,0.0,1.0,0.0,0.0,False,Qwen/Qwen2.5-Coder-14B-Instruct-AWQ,None
211,Stacked Bar,Extra Hard,0.0,0.0,0.0,0.0,0.0,0.0,0.0,0.0,0.0,0.0,1.0,0.0,0.0,False,Qwen/Qwen2.5-Coder-14B-Instruct-AWQ,None
211,Stacked Bar,Extra Hard,0.0,0.0,0.0,0.0,0.0,0.0,0.0,0.0,0.0,0.0,1.0,0.0,0.0,False,Qwen/Qwen2.5-Coder-14B-Instruct-AWQ,None
219,Bar,Medium,0.0,0.0,0.0,0.0,0.0,0.0,0.0,0.0,0.0,0.0,1.0,0.0,0.0,False,Qwen/Qwen2.5-Coder-14B-Instruct-AWQ,None
219,Bar,Medium,0.0,0.0,0.0,0.0,0.0,0.0,0.0,0.0,0.0,0.0,1.0,0.0,0.0,False,Qwen/Qwen2.5-Coder-14B-Instruct-AWQ,None
219,Bar,Medium,0.0,0.0,0.0,0.0,0.0,0.0,0.0,0.0,0.0,0.0,1.0,0.0,0.0,False,Qwen/Qwen2.5-Coder-14B-Instruct-AWQ,None
224,Stacked Bar,Extra Hard,0.0,0.0,0.0,0.0,0.0,0.0,0.0,0.0,0.0,0.0,1.0,0.0,0.0,False,Qwen/Qwen2.5-Coder-14B-Instruct-AWQ,None
224,Stacked Bar,Extra Hard,0.0,0.0,0.0,0.0,0.0,0.0,0.0,0.0,0.0,0.0,1.0,0.0,0.0,False,Qwen/Qwen2.5-Coder-14B-Instruct-AWQ,None
224,Stacked Bar,Extra Hard,0.0,0.0,0.0,0.0,0.0,0.0,0.0,0.0,0.0,0.0,1.0,0.0,0.0,False,Qwen/Qwen2.5-Coder-14B-Instruct-AWQ,None
225,Stacked Bar,Extra Hard,0.0,0.0,0.0,1.0,1.0,0.0,0.0,0.0,0.0,1.0,0.0,0.0,,False,Qwen/Qwen2.5-Coder-14B-Instruct-AWQ,None
225,Stacked Bar,Extra Hard,0.0,0.0,0.0,1.0,1.0,0.0,0.0,0.0,0.0,1.0,0.0,0.0,,False,Qwen/Qwen2.5-Coder-14B-Instruct-AWQ,None
225,Stacked Bar,Extra Hard,0.0,0.0,0.0,1.0,1.0,0.0,0.0,0.0,0.0,1.0,0.0,0.0,,False,Qwen/Qwen2.5-Coder-14B-Instruct-AWQ,None
231,Bar,Medium,0.25,0.0,0.0,0.0,0.0,0.0,0.0,0.0,0.25,0.0,0.75,0.0,0.0,False,Qwen/Qwen2.5-Coder-14B-Instruct-AWQ,None
231,Bar,Medium,0.25,0.0,0.0,0.0,0.0,0.0,0.0,0.0,0.25,0.0,0.75,0.0,0.0,False,Qwen/Qwen2.5-Coder-14B-Instruct-AWQ,None
231,Bar,Medium,0.25,0.0,0.0,0.0,0.0,0.0,0.0,0.0,0.25,0.0,0.75,0.0,0.0,False,Qwen/Qwen2.5-Coder-14B-Instruct-AWQ,None
233,Bar,Medium,0.0,0.0,0.0,0.0,0.0,0.0,0.0,0.0,0.0,0.0,1.0,0.0,0.0,False,Qwen/Qwen2.5-Coder-14B-Instruct-AWQ,None
233,Bar,Medium,0.0,0.0,0.0,0.0,0.0,0.0,0.0,0.0,0.0,0.0,1.0,0.0,0.0,False,Qwen/Qwen2.5-Coder-14B-Instruct-AWQ,None
233,Bar,Medium,0.0,0.0,0.0,0.0,0.0,0.0,0.0,0.0,0.0,0.0,1.0,0.0,0.0,False,Qwen/Qwen2.5-Coder-14B-Instruct-AWQ,None
238,Bar,Medium,0.25,0.0,0.0,0.0,0.0,0.0,0.0,0.0,0.25,0.0,0.75,0.0,0.0,False,Qwen/Qwen2.5-Coder-14B-Instruct-AWQ,None
238,Bar,Medium,0.25,0.0,0.0,0.0,0.0,0.0,0.0,0.0,0.25,0.0,0.75,0.0,0.0,False,Qwen/Qwen2.5-Coder-14B-Instruct-AWQ,None
238,Bar,Medium,0.25,0.0,0.0,0.0,0.0,0.0,0.0,0.0,0.25,0.0,0.75,0.0,0.0,False,Qwen/Qwen2.5-Coder-14B-Instruct-AWQ,None
246,Bar,Medium,0.0,0.0,0.0,0.0,0.0,0.0,0.0,0.0,0.0,0.0,1.0,0.0,0.0,False,Qwen/Qwen2.5-Coder-14B-Instruct-AWQ,None
246,Bar,Medium,0.0,0.0,0.0,0.0,0.0,0.0,0.0,0.0,0.0,0.0,1.0,0.0,0.0,False,Qwen/Qwen2.5-Coder-14B-Instruct-AWQ,None
246,Bar,Medium,0.0,0.0,0.0,0.0,0.0,0.0,0.0,0.0,0.0,0.0,1.0,0.0,0.0,False,Qwen/Qwen2.5-Coder-14B-Instruct-AWQ,None
247,Bar,Medium,0.0,0.0,0.0,0.0,0.0,0.0,0.0,0.0,0.0,0.0,1.0,0.0,0.0,False,Qwen/Qwen2.5-Coder-14B-Instruct-AWQ,None
247,Bar,Medium,0.0,0.0,0.0,0.0,0.0,0.0,0.0,0.0,0.0,0.0,1.0,0.0,0.0,False,Qwen/Qwen2.5-Coder-14B-Instruct-AWQ,None
247,Bar,Medium,0.0,0.0,0.0,0.0,0.0,0.0,0.0,0.0,0.0,0.0,1.0,0.0,0.0,False,Qwen/Qwen2.5-Coder-14B-Instruct-AWQ,None
248,Bar,Medium,0.0,0.0,0.0,0.0,0.0,0.0,0.0,0.0,0.0,0.0,1.0,0.0,0.0,False,Qwen/Qwen2.5-Coder-14B-Instruct-AWQ,None
248,Bar,Medium,0.0,0.0,0.0,0.0,0.0,0.0,0.0,0.0,0.0,0.0,1.0,0.0,0.0,False,Qwen/Qwen2.5-Coder-14B-Instruct-AWQ,None
248,Bar,Medium,0.0,0.0,0.0,0.0,0.0,0.0,0.0,0.0,0.0,0.0,1.0,0.0,0.0,False,Qwen/Qwen2.5-Coder-14B-Instruct-AWQ,None
252,Pie,Medium,0.0,0.0,0.0,0.0,1.0,0.0,0.0,0.0,0.0,1.0,0.0,0.0,,False,Qwen/Qwen2.5-Coder-14B-Instruct-AWQ,None
252,Pie,Medium,0.0,0.0,0.0,0.0,1.0,0.0,0.0,0.0,0.0,1.0,0.0,0.0,,False,Qwen/Qwen2.5-Coder-14B-Instruct-AWQ,None
252,Pie,Medium,0.0,0.0,0.0,0.0,1.0,0.0,0.0,0.0,0.0,1.0,0.0,0.0,,False,Qwen/Qwen2.5-Coder-14B-Instruct-AWQ,None
264,Bar,Medium,0.0,0.0,0.0,0.0,0.0,0.0,0.0,0.0,0.0,0.0,1.0,0.0,0.0,False,Qwen/Qwen2.5-Coder-14B-Instruct-AWQ,None
264,Bar,Medium,0.0,0.0,0.0,0.0,0.0,0.0,0.0,0.0,0.0,0.0,1.0,0.0,0.0,False,Qwen/Qwen2.5-Coder-14B-Instruct-AWQ,None
264,Bar,Medium,0.0,0.0,0.0,0.0,0.0,0.0,0.0,0.0,0.0,0.0,1.0,0.0,0.0,False,Qwen/Qwen2.5-Coder-14B-Instruct-AWQ,None
265,Bar,Medium,0.0,0.0,0.0,0.0,0.3333333333333333,0.0,0.0,0.0,0.0,0.3333333333333333,0.6666666666666666,0.0,0.0,False,Qwen/Qwen2.5-Coder-14B-Instruct-AWQ,None
265,Bar,Medium,0.0,0.0,0.0,0.0,0.3333333333333333,0.0,0.0,0.0,0.0,0.3333333333333333,0.6666666666666666,0.0,0.0,False,Qwen/Qwen2.5-Coder-14B-Instruct-AWQ,None
265,Bar,Medium,0.0,0.0,0.0,0.0,0.3333333333333333,0.0,0.0,0.0,0.0,0.3333333333333333,0.6666666666666666,0.0,0.0,False,Qwen/Qwen2.5-Coder-14B-Instruct-AWQ,None
267,Line,Easy,0.0,0.0,0.0,0.0,0.0,0.0,0.0,0.0,0.0,0.0,1.0,0.0,0.0,False,Qwen/Qwen2.5-Coder-14B-Instruct-AWQ,None
267,Line,Easy,0.0,0.0,0.0,0.0,0.0,0.0,0.0,0.0,0.0,0.0,1.0,0.0,0.0,False,Qwen/Qwen2.5-Coder-14B-Instruct-AWQ,None
267,Line,Easy,0.0,0.0,0.0,0.0,0.0,0.0,0.0,0.0,0.0,0.0,1.0,0.0,0.0,False,Qwen/Qwen2.5-Coder-14B-Instruct-AWQ,None
273,Line,Medium,0.5,0.0,0.0,0.0,0.5,0.0,0.0,0.0,0.5,0.5,0.0,0.0,,False,Qwen/Qwen2.5-Coder-14B-Instruct-AWQ,None
273,Line,Medium,0.5,0.0,0.0,0.0,0.5,0.0,0.0,0.0,0.5,0.5,0.0,0.0,,False,Qwen/Qwen2.5-Coder-14B-Instruct-AWQ,None
273,Line,Medium,0.5,0.0,0.0,0.0,0.5,0.0,0.0,0.0,0.5,0.5,0.0,0.0,,False,Qwen/Qwen2.5-Coder-14B-Instruct-AWQ,None
285,Bar,Medium,0.0,0.0,0.0,0.0,0.0,0.0,0.0,0.0,0.0,0.0,1.0,0.0,0.0,False,Qwen/Qwen2.5-Coder-14B-Instruct-AWQ,None
285,Bar,Medium,0.0,0.0,0.0,0.0,0.0,0.0,0.0,0.0,0.0,0.0,1.0,0.0,0.0,False,Qwen/Qwen2.5-Coder-14B-Instruct-AWQ,None
285,Bar,Medium,0.0,0.0,0.0,0.0,0.0,0.0,0.0,0.0,0.0,0.0,1.0,0.0,0.0,False,Qwen/Qwen2.5-Coder-14B-Instruct-AWQ,None
286,Bar,Medium,0.0,0.0,0.0,0.0,0.0,0.0,0.0,0.0,0.0,0.0,1.0,0.0,0.0,False,Qwen/Qwen2.5-Coder-14B-Instruct-AWQ,None
286,Bar,Medium,0.0,0.0,0.0,0.0,0.0,0.0,0.0,0.0,0.0,0.0,1.0,0.0,0.0,False,Qwen/Qwen2.5-Coder-14B-Instruct-AWQ,None
286,Bar,Medium,0.0,0.0,0.0,0.0,0.0,0.0,0.0,0.0,0.0,0.0,1.0,0.0,0.0,False,Qwen/Qwen2.5-Coder-14B-Instruct-AWQ,None
291,Bar,Hard,0.0,0.0,0.0,0.0,0.0,0.0,0.0,0.0,0.0,0.0,1.0,0.0,0.0,False,Qwen/Qwen2.5-Coder-14B-Instruct-AWQ,None
291,Bar,Hard,0.0,0.0,0.0,0.0,0.0,0.0,0.0,0.0,0.0,0.0,1.0,0.0,0.0,False,Qwen/Qwen2.5-Coder-14B-Instruct-AWQ,None
291,Bar,Hard,0.0,0.0,0.0,0.0,0.0,0.0,0.0,0.0,0.0,0.0,1.0,0.0,0.0,False,Qwen/Qwen2.5-Coder-14B-Instruct-AWQ,None
292,Scatter,Medium,0.0,0.0,0.0,0.0,0.0,0.0,0.0,0.0,0.0,0.0,1.0,0.0,0.0,False,Qwen/Qwen2.5-Coder-14B-Instruct-AWQ,None
292,Scatter,Medium,0.0,0.0,0.0,0.0,0.0,0.0,0.0,0.0,0.0,0.0,1.0,0.0,0.0,False,Qwen/Qwen2.5-Coder-14B-Instruct-AWQ,None
292,Scatter,Medium,0.0,0.0,0.0,0.0,0.0,0.0,0.0,0.0,0.0,0.0,1.0,0.0,0.0,False,Qwen/Qwen2.5-Coder-14B-Instruct-AWQ,None
293,Bar,Hard,0.0,0.0,0.0,0.0,1.0,0.0,0.0,0.0,0.0,1.0,0.0,0.0,,False,Qwen/Qwen2.5-Coder-14B-Instruct-AWQ,None
293,Bar,Hard,0.0,0.0,0.0,0.0,1.0,0.0,0.0,0.0,0.0,1.0,0.0,0.0,,False,Qwen/Qwen2.5-Coder-14B-Instruct-AWQ,None
293,Bar,Hard,0.0,0.0,0.0,0.0,1.0,0.0,0.0,0.0,0.0,1.0,0.0,0.0,,False,Qwen/Qwen2.5-Coder-14B-Instruct-AWQ,None
295,Bar,Hard,0.0,0.0,0.0,0.0,1.0,0.0,0.0,0.0,0.0,1.0,0.0,0.0,,False,Qwen/Qwen2.5-Coder-14B-Instruct-AWQ,None
295,Bar,Hard,0.0,0.0,0.0,0.0,1.0,0.0,0.0,0.0,0.0,1.0,0.0,0.0,,False,Qwen/Qwen2.5-Coder-14B-Instruct-AWQ,None
295,Bar,Hard,0.0,0.0,0.0,0.0,1.0,0.0,0.0,0.0,0.0,1.0,0.0,0.0,,False,Qwen/Qwen2.5-Coder-14B-Instruct-AWQ,None
296,Bar,Hard,0.0,0.0,0.0,0.0,1.0,0.0,0.0,0.0,0.0,1.0,0.0,0.0,,False,Qwen/Qwen2.5-Coder-14B-Instruct-AWQ,None
296,Bar,Hard,0.0,0.0,0.0,0.0,1.0,0.0,0.0,0.0,0.0,1.0,0.0,0.0,,False,Qwen/Qwen2.5-Coder-14B-Instruct-AWQ,None
296,Bar,Hard,0.0,0.0,0.0,0.0,1.0,0.0,0.0,0.0,0.0,1.0,0.0,0.0,,False,Qwen/Qwen2.5-Coder-14B-Instruct-AWQ,None
297,Bar,Medium,0.5,0.0,0.0,0.0,0.5,0.0,0.0,0.0,0.5,0.5,0.0,0.0,,False,Qwen/Qwen2.5-Coder-14B-Instruct-AWQ,None
297,Bar,Medium,0.5,0.0,0.0,0.0,0.5,0.0,0.0,0.0,0.5,0.5,0.0,0.0,,False,Qwen/Qwen2.5-Coder-14B-Instruct-AWQ,None
297,Bar,Medium,0.5,0.0,0.0,0.0,0.5,0.0,0.0,0.0,0.5,0.5,0.0,0.0,,False,Qwen/Qwen2.5-Coder-14B-Instruct-AWQ,None
306,Pie,Easy,0.3333333333333333,0.0,0.0,0.0,0.0,0.0,0.0,0.0,0.3333333333333333,0.0,0.6666666666666666,0.0,0.0,False,Qwen/Qwen2.5-Coder-14B-Instruct-AWQ,None
306,Pie,Easy,0.3333333333333333,0.0,0.0,0.0,0.0,0.0,0.0,0.0,0.3333333333333333,0.0,0.6666666666666666,0.0,0.0,False,Qwen/Qwen2.5-Coder-14B-Instruct-AWQ,None
306,Pie,Easy,0.3333333333333333,0.0,0.0,0.0,0.0,0.0,0.0,0.0,0.3333333333333333,0.0,0.6666666666666666,0.0,0.0,False,Qwen/Qwen2.5-Coder-14B-Instruct-AWQ,None
308,Scatter,Easy,0.0,0.0,0.0,0.0,0.5,0.0,0.0,0.0,0.0,0.5,0.5,0.0,0.0,True,Qwen/Qwen2.5-Coder-14B-Instruct-AWQ,None
308,Scatter,Easy,0.0,0.0,0.0,0.0,0.5,0.0,0.0,0.0,0.0,0.5,0.5,0.0,0.0,True,Qwen/Qwen2.5-Coder-14B-Instruct-AWQ,None
308,Scatter,Easy,0.0,0.0,0.0,0.0,0.5,0.0,0.0,0.0,0.0,0.5,0.5,0.0,0.0,True,Qwen/Qwen2.5-Coder-14B-Instruct-AWQ,None
312,Pie,Hard,0.0,0.0,0.0,0.0,0.5,0.0,0.0,0.0,0.0,0.5,0.5,0.0,0.0,False,Qwen/Qwen2.5-Coder-14B-Instruct-AWQ,None
312,Pie,Hard,0.0,0.0,0.0,0.0,0.5,0.0,0.0,0.0,0.0,0.5,0.5,0.0,0.0,False,Qwen/Qwen2.5-Coder-14B-Instruct-AWQ,None
312,Pie,Hard,0.0,0.0,0.0,0.0,0.5,0.0,0.0,0.0,0.0,0.5,0.5,0.0,0.0,False,Qwen/Qwen2.5-Coder-14B-Instruct-AWQ,None
316,Line,Medium,0.0,0.0,0.0,0.0,1.0,0.0,0.0,0.0,0.0,1.0,0.0,0.0,,False,Qwen/Qwen2.5-Coder-14B-Instruct-AWQ,None
316,Line,Medium,0.0,0.0,0.0,0.0,1.0,0.0,0.0,0.0,0.0,1.0,0.0,0.0,,False,Qwen/Qwen2.5-Coder-14B-Instruct-AWQ,None
316,Line,Medium,0.0,0.0,0.0,0.0,1.0,0.0,0.0,0.0,0.0,1.0,0.0,0.0,,False,Qwen/Qwen2.5-Coder-14B-Instruct-AWQ,None
328,Scatter,Medium,0.0,0.0,0.0,0.0,0.5,0.0,0.0,0.0,0.0,0.5,0.5,0.0,0.0,True,Qwen/Qwen2.5-Coder-14B-Instruct-AWQ,None
328,Scatter,Medium,0.0,0.0,0.0,0.0,0.5,0.0,0.0,0.0,0.0,0.5,0.5,0.0,0.0,True,Qwen/Qwen2.5-Coder-14B-Instruct-AWQ,None
328,Scatter,Medium,0.0,0.0,0.0,0.0,0.5,0.0,0.0,0.0,0.0,0.5,0.5,0.0,0.0,True,Qwen/Qwen2.5-Coder-14B-Instruct-AWQ,None
335,Bar,Medium,0.0,0.0,0.0,0.0,0.0,0.0,0.0,0.0,0.0,0.0,1.0,0.0,0.0,False,Qwen/Qwen2.5-Coder-14B-Instruct-AWQ,None
335,Bar,Medium,0.0,0.0,0.0,0.0,0.0,0.0,0.0,0.0,0.0,0.0,1.0,0.0,0.0,False,Qwen/Qwen2.5-Coder-14B-Instruct-AWQ,None
335,Bar,Medium,0.0,0.0,0.0,0.0,0.0,0.0,0.0,0.0,0.0,0.0,1.0,0.0,0.0,False,Qwen/Qwen2.5-Coder-14B-Instruct-AWQ,None
338,Pie,Easy,0.0,0.0,0.0,0.0,0.0,0.0,0.0,0.0,0.0,0.0,1.0,0.0,0.0,False,Qwen/Qwen2.5-Coder-14B-Instruct-AWQ,None
338,Pie,Easy,0.0,0.0,0.0,0.0,0.0,0.0,0.0,0.0,0.0,0.0,1.0,0.0,0.0,False,Qwen/Qwen2.5-Coder-14B-Instruct-AWQ,None
338,Pie,Easy,0.0,0.0,0.0,0.0,0.0,0.0,0.0,0.0,0.0,0.0,1.0,0.0,0.0,False,Qwen/Qwen2.5-Coder-14B-Instruct-AWQ,None
340,Bar,Medium,0.0,0.0,0.0,0.0,1.0,0.0,0.0,0.0,0.0,1.0,0.0,0.0,,False,Qwen/Qwen2.5-Coder-14B-Instruct-AWQ,None
340,Bar,Medium,0.0,0.0,0.0,0.0,1.0,0.0,0.0,0.0,0.0,1.0,0.0,0.0,,False,Qwen/Qwen2.5-Coder-14B-Instruct-AWQ,None
340,Bar,Medium,0.0,0.0,0.0,0.0,1.0,0.0,0.0,0.0,0.0,1.0,0.0,0.0,,False,Qwen/Qwen2.5-Coder-14B-Instruct-AWQ,None
342,Line,Medium,0.0,0.0,0.0,0.0,0.0,0.0,0.0,0.0,0.0,0.0,1.0,0.0,0.0,False,Qwen/Qwen2.5-Coder-14B-Instruct-AWQ,None
342,Line,Medium,0.0,0.0,0.0,0.0,0.0,0.0,0.0,0.0,0.0,0.0,1.0,0.0,0.0,False,Qwen/Qwen2.5-Coder-14B-Instruct-AWQ,None
342,Line,Medium,0.0,0.0,0.0,0.0,0.0,0.0,0.0,0.0,0.0,0.0,1.0,0.0,0.0,False,Qwen/Qwen2.5-Coder-14B-Instruct-AWQ,None
354,Scatter,Easy,0.0,0.0,0.0,0.0,0.0,0.0,0.0,0.0,0.0,0.0,1.0,0.0,0.0,False,Qwen/Qwen2.5-Coder-14B-Instruct-AWQ,None
354,Scatter,Easy,0.0,0.0,0.0,0.0,0.0,0.0,0.0,0.0,0.0,0.0,1.0,0.0,0.0,False,Qwen/Qwen2.5-Coder-14B-Instruct-AWQ,None
354,Scatter,Easy,0.0,0.0,0.0,0.0,0.0,0.0,0.0,0.0,0.0,0.0,1.0,0.0,0.0,False,Qwen/Qwen2.5-Coder-14B-Instruct-AWQ,None
367,Bar,Medium,0.0,0.0,0.0,0.0,0.0,0.0,0.0,0.0,0.0,0.0,1.0,0.0,0.0,False,Qwen/Qwen2.5-Coder-14B-Instruct-AWQ,None
367,Bar,Medium,0.0,0.0,0.0,0.0,0.0,0.0,0.0,0.0,0.0,0.0,1.0,0.0,0.0,False,Qwen/Qwen2.5-Coder-14B-Instruct-AWQ,None
367,Bar,Medium,0.0,0.0,0.0,0.0,0.0,0.0,0.0,0.0,0.0,0.0,1.0,0.0,0.0,False,Qwen/Qwen2.5-Coder-14B-Instruct-AWQ,None
368,Bar,Hard,0.0,0.0,0.0,0.0,0.0,0.0,0.0,0.0,0.0,0.0,1.0,0.0,0.0,True,Qwen/Qwen2.5-Coder-14B-Instruct-AWQ,None
368,Bar,Hard,0.0,0.0,0.0,0.0,0.0,0.0,0.0,0.0,0.0,0.0,1.0,0.0,0.0,True,Qwen/Qwen2.5-Coder-14B-Instruct-AWQ,None
368,Bar,Hard,0.0,0.0,0.0,0.0,0.0,0.0,0.0,0.0,0.0,0.0,1.0,0.0,0.0,True,Qwen/Qwen2.5-Coder-14B-Instruct-AWQ,None
370,Pie,Medium,0.0,0.0,0.0,0.0,1.0,0.0,0.0,0.0,0.0,1.0,0.0,0.0,,True,Qwen/Qwen2.5-Coder-14B-Instruct-AWQ,None
370,Pie,Medium,0.0,0.0,0.0,0.0,1.0,0.0,0.0,0.0,0.0,1.0,0.0,0.0,,True,Qwen/Qwen2.5-Coder-14B-Instruct-AWQ,None
370,Pie,Medium,0.0,0.0,0.0,0.0,1.0,0.0,0.0,0.0,0.0,1.0,0.0,0.0,,True,Qwen/Qwen2.5-Coder-14B-Instruct-AWQ,None
376,Bar,Easy,0.0,0.0,0.0,0.0,0.0,0.0,0.0,0.0,0.0,0.0,1.0,0.0,0.0,False,Qwen/Qwen2.5-Coder-14B-Instruct-AWQ,None
376,Bar,Easy,0.0,0.0,0.0,0.0,0.0,0.0,0.0,0.0,0.0,0.0,1.0,0.0,0.0,False,Qwen/Qwen2.5-Coder-14B-Instruct-AWQ,None
376,Bar,Easy,0.0,0.0,0.0,0.0,0.0,0.0,0.0,0.0,0.0,0.0,1.0,0.0,0.0,False,Qwen/Qwen2.5-Coder-14B-Instruct-AWQ,None
387,Grouping Scatter,Easy,0.75,0.0,0.0,0.0,0.25,0.0,0.0,0.0,0.75,0.25,0.0,0.0,,False,Qwen/Qwen2.5-Coder-14B-Instruct-AWQ,None
387,Grouping Scatter,Easy,0.75,0.0,0.0,0.0,0.25,0.0,0.0,0.0,0.75,0.25,0.0,0.0,,False,Qwen/Qwen2.5-Coder-14B-Instruct-AWQ,None
387,Grouping Scatter,Easy,0.75,0.0,0.0,0.0,0.25,0.0,0.0,0.0,0.75,0.25,0.0,0.0,,False,Qwen/Qwen2.5-Coder-14B-Instruct-AWQ,None
399,Scatter,Easy,0.0,0.0,0.0,0.0,0.0,0.0,0.0,0.0,0.0,0.0,1.0,0.0,0.0,False,Qwen/Qwen2.5-Coder-14B-Instruct-AWQ,None
399,Scatter,Easy,0.0,0.0,0.0,0.0,0.0,0.0,0.0,0.0,0.0,0.0,1.0,0.0,0.0,False,Qwen/Qwen2.5-Coder-14B-Instruct-AWQ,None
399,Scatter,Easy,0.0,0.0,0.0,0.0,0.0,0.0,0.0,0.0,0.0,0.0,1.0,0.0,0.0,False,Qwen/Qwen2.5-Coder-14B-Instruct-AWQ,None
400,Scatter,Easy,0.0,0.0,0.0,0.0,0.0,0.0,0.0,0.0,0.0,0.0,1.0,0.0,0.0,False,Qwen/Qwen2.5-Coder-14B-Instruct-AWQ,None
400,Scatter,Easy,0.0,0.0,0.0,0.0,0.0,0.0,0.0,0.0,0.0,0.0,1.0,0.0,0.0,False,Qwen/Qwen2.5-Coder-14B-Instruct-AWQ,None
400,Scatter,Easy,0.0,0.0,0.0,0.0,0.0,0.0,0.0,0.0,0.0,0.0,1.0,0.0,0.0,False,Qwen/Qwen2.5-Coder-14B-Instruct-AWQ,None
402,Pie,Medium,0.0,0.0,0.0,0.0,1.0,0.0,0.0,0.0,0.0,1.0,0.0,0.0,,False,Qwen/Qwen2.5-Coder-14B-Instruct-AWQ,None
402,Pie,Medium,0.0,0.0,0.0,0.0,1.0,0.0,0.0,0.0,0.0,1.0,0.0,0.0,,False,Qwen/Qwen2.5-Coder-14B-Instruct-AWQ,None
402,Pie,Medium,0.0,0.0,0.0,0.0,1.0,0.0,0.0,0.0,0.0,1.0,0.0,0.0,,False,Qwen/Qwen2.5-Coder-14B-Instruct-AWQ,None
403,Bar,Medium,0.0,0.0,0.0,0.0,0.0,0.0,0.0,0.0,0.0,0.0,1.0,0.0,0.0,False,Qwen/Qwen2.5-Coder-14B-Instruct-AWQ,None
403,Bar,Medium,0.0,0.0,0.0,0.0,0.0,0.0,0.0,0.0,0.0,0.0,1.0,0.0,0.0,False,Qwen/Qwen2.5-Coder-14B-Instruct-AWQ,None
403,Bar,Medium,0.0,0.0,0.0,0.0,0.0,0.0,0.0,0.0,0.0,0.0,1.0,0.0,0.0,False,Qwen/Qwen2.5-Coder-14B-Instruct-AWQ,None
405,Bar,Easy,0.0,0.0,0.0,0.0,0.0,0.0,0.0,0.0,0.0,0.0,1.0,0.0,0.0,False,Qwen/Qwen2.5-Coder-14B-Instruct-AWQ,None
405,Bar,Easy,0.0,0.0,0.0,0.0,0.0,0.0,0.0,0.0,0.0,0.0,1.0,0.0,0.0,False,Qwen/Qwen2.5-Coder-14B-Instruct-AWQ,None
405,Bar,Easy,0.0,0.0,0.0,0.0,0.0,0.0,0.0,0.0,0.0,0.0,1.0,0.0,0.0,False,Qwen/Qwen2.5-Coder-14B-Instruct-AWQ,None
409,Grouping Scatter,Easy,0.0,0.0,0.0,0.0,0.0,0.0,0.0,0.0,0.0,0.0,1.0,0.0,0.0,False,Qwen/Qwen2.5-Coder-14B-Instruct-AWQ,None
409,Grouping Scatter,Easy,0.0,0.0,0.0,0.0,0.0,0.0,0.0,0.0,0.0,0.0,1.0,0.0,0.0,False,Qwen/Qwen2.5-Coder-14B-Instruct-AWQ,None
409,Grouping Scatter,Easy,0.0,0.0,0.0,0.0,0.0,0.0,0.0,0.0,0.0,0.0,1.0,0.0,0.0,False,Qwen/Qwen2.5-Coder-14B-Instruct-AWQ,None
416,Line,Medium,1.0,0.0,0.0,0.0,0.0,0.0,0.0,0.0,1.0,0.0,0.0,0.0,,False,Qwen/Qwen2.5-Coder-14B-Instruct-AWQ,None
416,Line,Medium,1.0,0.0,0.0,0.0,0.0,0.0,0.0,0.0,1.0,0.0,0.0,0.0,,False,Qwen/Qwen2.5-Coder-14B-Instruct-AWQ,None
416,Line,Medium,1.0,0.0,0.0,0.0,0.0,0.0,0.0,0.0,1.0,0.0,0.0,0.0,,False,Qwen/Qwen2.5-Coder-14B-Instruct-AWQ,None
419,Pie,Medium,0.0,0.0,0.0,0.0,1.0,0.0,0.0,0.0,0.0,1.0,0.0,0.0,,True,Qwen/Qwen2.5-Coder-14B-Instruct-AWQ,None
419,Pie,Medium,0.0,0.0,0.0,0.0,1.0,0.0,0.0,0.0,0.0,1.0,0.0,0.0,,True,Qwen/Qwen2.5-Coder-14B-Instruct-AWQ,None
419,Pie,Medium,0.0,0.0,0.0,0.0,1.0,0.0,0.0,0.0,0.0,1.0,0.0,0.0,,True,Qwen/Qwen2.5-Coder-14B-Instruct-AWQ,None
432,Scatter,Easy,0.0,0.0,0.0,0.0,0.0,0.0,0.0,0.0,0.0,0.0,1.0,0.0,0.0,False,Qwen/Qwen2.5-Coder-14B-Instruct-AWQ,None
432,Scatter,Easy,0.0,0.0,0.0,0.0,0.0,0.0,0.0,0.0,0.0,0.0,1.0,0.0,0.0,False,Qwen/Qwen2.5-Coder-14B-Instruct-AWQ,None
432,Scatter,Easy,0.0,0.0,0.0,0.0,0.0,0.0,0.0,0.0,0.0,0.0,1.0,0.0,0.0,False,Qwen/Qwen2.5-Coder-14B-Instruct-AWQ,None
433,Pie,Medium,0.0,0.0,0.0,0.0,1.0,0.0,0.0,0.0,0.0,1.0,0.0,0.0,,True,Qwen/Qwen2.5-Coder-14B-Instruct-AWQ,None
433,Pie,Medium,0.0,0.0,0.0,0.0,1.0,0.0,0.0,0.0,0.0,1.0,0.0,0.0,,True,Qwen/Qwen2.5-Coder-14B-Instruct-AWQ,None
433,Pie,Medium,0.0,0.0,0.0,0.0,1.0,0.0,0.0,0.0,0.0,1.0,0.0,0.0,,True,Qwen/Qwen2.5-Coder-14B-Instruct-AWQ,None
440,Bar,Hard,0.0,0.0,0.0,0.0,0.0,0.0,0.0,0.0,0.0,0.0,1.0,0.0,0.0,True,Qwen/Qwen2.5-Coder-14B-Instruct-AWQ,None
440,Bar,Hard,0.0,0.0,0.0,0.0,0.0,0.0,0.0,0.0,0.0,0.0,1.0,0.0,0.0,True,Qwen/Qwen2.5-Coder-14B-Instruct-AWQ,None
440,Bar,Hard,0.0,0.0,0.0,0.0,0.0,0.0,0.0,0.0,0.0,0.0,1.0,0.0,0.0,True,Qwen/Qwen2.5-Coder-14B-Instruct-AWQ,None
441,Bar,Hard,0.0,0.0,0.0,0.0,0.0,0.0,0.0,0.0,0.0,0.0,1.0,0.0,0.0,True,Qwen/Qwen2.5-Coder-14B-Instruct-AWQ,None
441,Bar,Hard,0.0,0.0,0.0,0.0,0.0,0.0,0.0,0.0,0.0,0.0,1.0,0.0,0.0,True,Qwen/Qwen2.5-Coder-14B-Instruct-AWQ,None
441,Bar,Hard,0.0,0.0,0.0,0.0,0.0,0.0,0.0,0.0,0.0,0.0,1.0,0.0,0.0,True,Qwen/Qwen2.5-Coder-14B-Instruct-AWQ,None
446,Pie,Easy,0.0,0.0,0.0,0.0,1.0,0.0,0.0,0.0,0.0,1.0,0.0,0.0,,True,Qwen/Qwen2.5-Coder-14B-Instruct-AWQ,None
446,Pie,Easy,0.0,0.0,0.0,0.0,1.0,0.0,0.0,0.0,0.0,1.0,0.0,0.0,,True,Qwen/Qwen2.5-Coder-14B-Instruct-AWQ,None
446,Pie,Easy,0.0,0.0,0.0,0.0,1.0,0.0,0.0,0.0,0.0,1.0,0.0,0.0,,True,Qwen/Qwen2.5-Coder-14B-Instruct-AWQ,None
451,Bar,Medium,0.0,0.0,0.0,0.0,0.0,0.0,0.0,0.0,0.0,0.0,1.0,0.0,0.0,True,Qwen/Qwen2.5-Coder-14B-Instruct-AWQ,None
451,Bar,Medium,0.0,0.0,0.0,0.0,0.0,0.0,0.0,0.0,0.0,0.0,1.0,0.0,0.0,True,Qwen/Qwen2.5-Coder-14B-Instruct-AWQ,None
451,Bar,Medium,0.0,0.0,0.0,0.0,0.0,0.0,0.0,0.0,0.0,0.0,1.0,0.0,0.0,True,Qwen/Qwen2.5-Coder-14B-Instruct-AWQ,None
457,Pie,Medium,0.0,0.0,0.0,0.0,1.0,0.0,0.0,0.0,0.0,1.0,0.0,0.0,,True,Qwen/Qwen2.5-Coder-14B-Instruct-AWQ,None
457,Pie,Medium,0.0,0.0,0.0,0.0,1.0,0.0,0.0,0.0,0.0,1.0,0.0,0.0,,True,Qwen/Qwen2.5-Coder-14B-Instruct-AWQ,None
457,Pie,Medium,0.0,0.0,0.0,0.0,1.0,0.0,0.0,0.0,0.0,1.0,0.0,0.0,,True,Qwen/Qwen2.5-Coder-14B-Instruct-AWQ,None
461,Pie,Medium,1.0,0.0,0.0,0.0,0.0,0.0,0.0,0.0,1.0,0.0,0.0,0.0,,True,Qwen/Qwen2.5-Coder-14B-Instruct-AWQ,None
461,Pie,Medium,1.0,0.0,0.0,0.0,0.0,0.0,0.0,0.0,1.0,0.0,0.0,0.0,,True,Qwen/Qwen2.5-Coder-14B-Instruct-AWQ,None
461,Pie,Medium,1.0,0.0,0.0,0.0,0.0,0.0,0.0,0.0,1.0,0.0,0.0,0.0,,True,Qwen/Qwen2.5-Coder-14B-Instruct-AWQ,None
462,Pie,Medium,0.0,0.0,0.0,0.0,1.0,0.0,0.0,0.0,0.0,1.0,0.0,0.0,,True,Qwen/Qwen2.5-Coder-14B-Instruct-AWQ,None
462,Pie,Medium,0.0,0.0,0.0,0.0,1.0,0.0,0.0,0.0,0.0,1.0,0.0,0.0,,True,Qwen/Qwen2.5-Coder-14B-Instruct-AWQ,None
462,Pie,Medium,0.0,0.0,0.0,0.0,1.0,0.0,0.0,0.0,0.0,1.0,0.0,0.0,,True,Qwen/Qwen2.5-Coder-14B-Instruct-AWQ,None
463,Bar,Medium,0.0,0.0,0.0,0.0,0.0,0.0,0.0,0.0,0.0,0.0,1.0,0.0,0.0,True,Qwen/Qwen2.5-Coder-14B-Instruct-AWQ,None
463,Bar,Medium,0.0,0.0,0.0,0.0,0.0,0.0,0.0,0.0,0.0,0.0,1.0,0.0,0.0,True,Qwen/Qwen2.5-Coder-14B-Instruct-AWQ,None
463,Bar,Medium,0.0,0.0,0.0,0.0,0.0,0.0,0.0,0.0,0.0,0.0,1.0,0.0,0.0,True,Qwen/Qwen2.5-Coder-14B-Instruct-AWQ,None
464,Bar,Easy,0.0,0.0,0.0,0.0,0.0,0.0,0.0,0.0,0.0,0.0,1.0,0.0,0.0,False,Qwen/Qwen2.5-Coder-14B-Instruct-AWQ,None
464,Bar,Easy,0.0,0.0,0.0,0.0,0.0,0.0,0.0,0.0,0.0,0.0,1.0,0.0,0.0,False,Qwen/Qwen2.5-Coder-14B-Instruct-AWQ,None
464,Bar,Easy,0.0,0.0,0.0,0.0,0.0,0.0,0.0,0.0,0.0,0.0,1.0,0.0,0.0,False,Qwen/Qwen2.5-Coder-14B-Instruct-AWQ,None
470,Line,Easy,0.0,0.0,0.0,0.0,0.5,0.0,0.0,0.0,0.0,0.5,0.5,0.0,0.0,False,Qwen/Qwen2.5-Coder-14B-Instruct-AWQ,None
470,Line,Easy,0.0,0.0,0.0,0.0,0.5,0.0,0.0,0.0,0.0,0.5,0.5,0.0,0.0,False,Qwen/Qwen2.5-Coder-14B-Instruct-AWQ,None
470,Line,Easy,0.0,0.0,0.0,0.0,0.5,0.0,0.0,0.0,0.0,0.5,0.5,0.0,0.0,False,Qwen/Qwen2.5-Coder-14B-Instruct-AWQ,None
471,Line,Easy,0.0,0.0,0.0,0.0,0.0,0.0,0.0,0.0,0.0,0.0,1.0,0.0,0.0,False,Qwen/Qwen2.5-Coder-14B-Instruct-AWQ,None
471,Line,Easy,0.0,0.0,0.0,0.0,0.0,0.0,0.0,0.0,0.0,0.0,1.0,0.0,0.0,False,Qwen/Qwen2.5-Coder-14B-Instruct-AWQ,None
471,Line,Easy,0.0,0.0,0.0,0.0,0.0,0.0,0.0,0.0,0.0,0.0,1.0,0.0,0.0,False,Qwen/Qwen2.5-Coder-14B-Instruct-AWQ,None
478,Pie,Medium,0.0,0.0,0.0,0.5,1.0,0.0,0.0,0.0,0.0,1.0,0.0,0.0,,True,Qwen/Qwen2.5-Coder-14B-Instruct-AWQ,None
478,Pie,Medium,0.0,0.0,0.0,0.5,1.0,0.0,0.0,0.0,0.0,1.0,0.0,0.0,,True,Qwen/Qwen2.5-Coder-14B-Instruct-AWQ,None
478,Pie,Medium,0.0,0.0,0.0,0.5,1.0,0.0,0.0,0.0,0.0,1.0,0.0,0.0,,True,Qwen/Qwen2.5-Coder-14B-Instruct-AWQ,None
479,Bar,Medium,0.0,0.0,0.0,0.0,0.5,0.0,0.0,0.0,0.0,0.5,0.5,0.0,0.0,True,Qwen/Qwen2.5-Coder-14B-Instruct-AWQ,None
479,Bar,Medium,0.0,0.0,0.0,0.0,0.5,0.0,0.0,0.0,0.0,0.5,0.5,0.0,0.0,True,Qwen/Qwen2.5-Coder-14B-Instruct-AWQ,None
479,Bar,Medium,0.0,0.0,0.0,0.0,0.5,0.0,0.0,0.0,0.0,0.5,0.5,0.0,0.0,True,Qwen/Qwen2.5-Coder-14B-Instruct-AWQ,None
481,Bar,Medium,0.6666666666666666,0.0,0.0,0.0,0.0,0.0,0.0,0.0,0.6666666666666666,0.0,0.3333333333333333,0.0,0.0,False,Qwen/Qwen2.5-Coder-14B-Instruct-AWQ,None
481,Bar,Medium,0.6666666666666666,0.0,0.0,0.0,0.0,0.0,0.0,0.0,0.6666666666666666,0.0,0.3333333333333333,0.0,0.0,False,Qwen/Qwen2.5-Coder-14B-Instruct-AWQ,None
481,Bar,Medium,0.6666666666666666,0.0,0.0,0.0,0.0,0.0,0.0,0.0,0.6666666666666666,0.0,0.3333333333333333,0.0,0.0,False,Qwen/Qwen2.5-Coder-14B-Instruct-AWQ,None
487,Pie,Medium,0.0,0.0,0.0,0.0,1.0,0.0,0.0,0.0,0.0,1.0,0.0,0.0,,True,Qwen/Qwen2.5-Coder-14B-Instruct-AWQ,None
487,Pie,Medium,0.0,0.0,0.0,0.0,1.0,0.0,0.0,0.0,0.0,1.0,0.0,0.0,,True,Qwen/Qwen2.5-Coder-14B-Instruct-AWQ,None
487,Pie,Medium,0.0,0.0,0.0,0.0,1.0,0.0,0.0,0.0,0.0,1.0,0.0,0.0,,True,Qwen/Qwen2.5-Coder-14B-Instruct-AWQ,None
488,Bar,Medium,0.0,0.0,0.0,0.0,0.0,0.0,0.0,0.0,0.0,0.0,1.0,0.0,0.0,True,Qwen/Qwen2.5-Coder-14B-Instruct-AWQ,None
488,Bar,Medium,0.0,0.0,0.0,0.0,0.0,0.0,0.0,0.0,0.0,0.0,1.0,0.0,0.0,True,Qwen/Qwen2.5-Coder-14B-Instruct-AWQ,None
488,Bar,Medium,0.0,0.0,0.0,0.0,0.0,0.0,0.0,0.0,0.0,0.0,1.0,0.0,0.0,True,Qwen/Qwen2.5-Coder-14B-Instruct-AWQ,None
491,Pie,Easy,0.0,0.0,0.0,0.0,1.0,0.0,0.0,0.0,0.0,1.0,0.0,0.0,,False,Qwen/Qwen2.5-Coder-14B-Instruct-AWQ,None
491,Pie,Easy,0.0,0.0,0.0,0.0,1.0,0.0,0.0,0.0,0.0,1.0,0.0,0.0,,False,Qwen/Qwen2.5-Coder-14B-Instruct-AWQ,None
491,Pie,Easy,0.0,0.0,0.0,0.0,1.0,0.0,0.0,0.0,0.0,1.0,0.0,0.0,,False,Qwen/Qwen2.5-Coder-14B-Instruct-AWQ,None
492,Bar,Easy,0.0,0.0,0.0,0.0,0.0,0.0,0.0,0.0,0.0,0.0,1.0,0.0,0.0,False,Qwen/Qwen2.5-Coder-14B-Instruct-AWQ,None
492,Bar,Easy,0.0,0.0,0.0,0.0,0.0,0.0,0.0,0.0,0.0,0.0,1.0,0.0,0.0,False,Qwen/Qwen2.5-Coder-14B-Instruct-AWQ,None
492,Bar,Easy,0.0,0.0,0.0,0.0,0.0,0.0,0.0,0.0,0.0,0.0,1.0,0.0,0.0,False,Qwen/Qwen2.5-Coder-14B-Instruct-AWQ,None
494,Pie,Easy,0.0,0.0,0.0,0.0,0.0,0.0,0.0,0.0,0.0,0.0,1.0,0.0,0.0,False,Qwen/Qwen2.5-Coder-14B-Instruct-AWQ,None
494,Pie,Easy,0.0,0.0,0.0,0.0,0.0,0.0,0.0,0.0,0.0,0.0,1.0,0.0,0.0,False,Qwen/Qwen2.5-Coder-14B-Instruct-AWQ,None
494,Pie,Easy,0.0,0.0,0.0,0.0,0.0,0.0,0.0,0.0,0.0,0.0,1.0,0.0,0.0,False,Qwen/Qwen2.5-Coder-14B-Instruct-AWQ,None
505,Bar,Medium,0.0,0.0,0.0,0.0,0.0,0.0,0.0,0.0,0.0,0.0,1.0,0.0,0.0,False,Qwen/Qwen2.5-Coder-14B-Instruct-AWQ,None
505,Bar,Medium,0.0,0.0,0.0,0.0,0.0,0.0,0.0,0.0,0.0,0.0,1.0,0.0,0.0,False,Qwen/Qwen2.5-Coder-14B-Instruct-AWQ,None
505,Bar,Medium,0.0,0.0,0.0,0.0,0.0,0.0,0.0,0.0,0.0,0.0,1.0,0.0,0.0,False,Qwen/Qwen2.5-Coder-14B-Instruct-AWQ,None
513,Bar,Medium,0.0,0.0,0.0,0.0,0.6666666666666666,0.0,0.0,0.0,0.0,0.6666666666666666,0.3333333333333333,0.0,0.0,True,Qwen/Qwen2.5-Coder-14B-Instruct-AWQ,None
513,Bar,Medium,0.0,0.0,0.0,0.0,0.6666666666666666,0.0,0.0,0.0,0.0,0.6666666666666666,0.3333333333333333,0.0,0.0,True,Qwen/Qwen2.5-Coder-14B-Instruct-AWQ,None
513,Bar,Medium,0.0,0.0,0.0,0.0,0.6666666666666666,0.0,0.0,0.0,0.0,0.6666666666666666,0.3333333333333333,0.0,0.0,True,Qwen/Qwen2.5-Coder-14B-Instruct-AWQ,None
516,Bar,Hard,0.0,0.0,0.0,0.0,0.3333333333333333,0.0,0.0,0.0,0.0,0.3333333333333333,0.6666666666666666,0.0,0.0,False,Qwen/Qwen2.5-Coder-14B-Instruct-AWQ,None
516,Bar,Hard,0.0,0.0,0.0,0.0,0.3333333333333333,0.0,0.0,0.0,0.0,0.3333333333333333,0.6666666666666666,0.0,0.0,False,Qwen/Qwen2.5-Coder-14B-Instruct-AWQ,None
516,Bar,Hard,0.0,0.0,0.0,0.0,0.3333333333333333,0.0,0.0,0.0,0.0,0.3333333333333333,0.6666666666666666,0.0,0.0,False,Qwen/Qwen2.5-Coder-14B-Instruct-AWQ,None
517,Pie,Medium,0.0,0.0,0.0,0.0,1.0,0.0,0.0,0.0,0.0,1.0,0.0,0.0,,False,Qwen/Qwen2.5-Coder-14B-Instruct-AWQ,None
517,Pie,Medium,0.0,0.0,0.0,0.0,1.0,0.0,0.0,0.0,0.0,1.0,0.0,0.0,,False,Qwen/Qwen2.5-Coder-14B-Instruct-AWQ,None
517,Pie,Medium,0.0,0.0,0.0,0.0,1.0,0.0,0.0,0.0,0.0,1.0,0.0,0.0,,False,Qwen/Qwen2.5-Coder-14B-Instruct-AWQ,None
526,Bar,Extra Hard,0.0,0.0,0.0,0.0,0.5,0.0,0.0,0.0,0.0,0.5,0.5,0.0,0.0,True,Qwen/Qwen2.5-Coder-14B-Instruct-AWQ,None
526,Bar,Extra Hard,0.0,0.0,0.0,0.0,0.5,0.0,0.0,0.0,0.0,0.5,0.5,0.0,0.0,True,Qwen/Qwen2.5-Coder-14B-Instruct-AWQ,None
526,Bar,Extra Hard,0.0,0.0,0.0,0.0,0.5,0.0,0.0,0.0,0.0,0.5,0.5,0.0,0.0,True,Qwen/Qwen2.5-Coder-14B-Instruct-AWQ,None
527,Pie,Extra Hard,0.0,0.0,0.0,0.0,1.0,0.0,0.0,0.0,0.0,1.0,0.0,0.0,,True,Qwen/Qwen2.5-Coder-14B-Instruct-AWQ,None
527,Pie,Extra Hard,0.0,0.0,0.0,0.0,1.0,0.0,0.0,0.0,0.0,1.0,0.0,0.0,,True,Qwen/Qwen2.5-Coder-14B-Instruct-AWQ,None
527,Pie,Extra Hard,0.0,0.0,0.0,0.0,1.0,0.0,0.0,0.0,0.0,1.0,0.0,0.0,,True,Qwen/Qwen2.5-Coder-14B-Instruct-AWQ,None
536,Scatter,Easy,0.0,0.0,0.0,0.0,0.0,0.0,0.0,0.0,0.0,0.0,1.0,0.0,0.0,False,Qwen/Qwen2.5-Coder-14B-Instruct-AWQ,None
536,Scatter,Easy,0.0,0.0,0.0,0.0,0.0,0.0,0.0,0.0,0.0,0.0,1.0,0.0,0.0,False,Qwen/Qwen2.5-Coder-14B-Instruct-AWQ,None
536,Scatter,Easy,0.0,0.0,0.0,0.0,0.0,0.0,0.0,0.0,0.0,0.0,1.0,0.0,0.0,False,Qwen/Qwen2.5-Coder-14B-Instruct-AWQ,None
539,Grouping Scatter,Easy,0.0,0.0,0.0,0.0,0.0,0.0,0.0,0.0,0.0,0.0,1.0,0.0,0.0,False,Qwen/Qwen2.5-Coder-14B-Instruct-AWQ,None
539,Grouping Scatter,Easy,0.0,0.0,0.0,0.0,0.0,0.0,0.0,0.0,0.0,0.0,1.0,0.0,0.0,False,Qwen/Qwen2.5-Coder-14B-Instruct-AWQ,None
539,Grouping Scatter,Easy,0.0,0.0,0.0,0.0,0.0,0.0,0.0,0.0,0.0,0.0,1.0,0.0,0.0,False,Qwen/Qwen2.5-Coder-14B-Instruct-AWQ,None
540,Grouping Scatter,Easy,0.3333333333333333,0.0,0.0,0.0,0.0,0.0,0.0,0.0,0.3333333333333333,0.0,0.6666666666666666,0.0,0.0,False,Qwen/Qwen2.5-Coder-14B-Instruct-AWQ,None
540,Grouping Scatter,Easy,0.3333333333333333,0.0,0.0,0.0,0.0,0.0,0.0,0.0,0.3333333333333333,0.0,0.6666666666666666,0.0,0.0,False,Qwen/Qwen2.5-Coder-14B-Instruct-AWQ,None
540,Grouping Scatter,Easy,0.3333333333333333,0.0,0.0,0.0,0.0,0.0,0.0,0.0,0.3333333333333333,0.0,0.6666666666666666,0.0,0.0,False,Qwen/Qwen2.5-Coder-14B-Instruct-AWQ,None
541,Grouping Scatter,Easy,0.0,0.0,0.0,0.0,0.0,0.0,0.0,0.0,0.0,0.0,1.0,0.0,0.0,False,Qwen/Qwen2.5-Coder-14B-Instruct-AWQ,None
541,Grouping Scatter,Easy,0.0,0.0,0.0,0.0,0.0,0.0,0.0,0.0,0.0,0.0,1.0,0.0,0.0,False,Qwen/Qwen2.5-Coder-14B-Instruct-AWQ,None
541,Grouping Scatter,Easy,0.0,0.0,0.0,0.0,0.0,0.0,0.0,0.0,0.0,0.0,1.0,0.0,0.0,False,Qwen/Qwen2.5-Coder-14B-Instruct-AWQ,None
542,Pie,Medium,1.0,0.0,0.0,0.0,0.0,0.0,0.0,0.0,1.0,0.0,0.0,0.0,,False,Qwen/Qwen2.5-Coder-14B-Instruct-AWQ,None
542,Pie,Medium,1.0,0.0,0.0,0.0,0.0,0.0,0.0,0.0,1.0,0.0,0.0,0.0,,False,Qwen/Qwen2.5-Coder-14B-Instruct-AWQ,None
542,Pie,Medium,1.0,0.0,0.0,0.0,0.0,0.0,0.0,0.0,1.0,0.0,0.0,0.0,,False,Qwen/Qwen2.5-Coder-14B-Instruct-AWQ,None
551,Bar,Extra Hard,0.0,0.0,0.0,0.0,0.0,0.0,0.0,0.0,0.0,0.0,1.0,0.0,0.0,True,Qwen/Qwen2.5-Coder-14B-Instruct-AWQ,None
551,Bar,Extra Hard,0.0,0.0,0.0,0.0,0.0,0.0,0.0,0.0,0.0,0.0,1.0,0.0,0.0,True,Qwen/Qwen2.5-Coder-14B-Instruct-AWQ,None
551,Bar,Extra Hard,0.0,0.0,0.0,0.0,0.0,0.0,0.0,0.0,0.0,0.0,1.0,0.0,0.0,True,Qwen/Qwen2.5-Coder-14B-Instruct-AWQ,None
561,Bar,Medium,0.0,0.0,0.0,0.0,0.0,0.0,0.0,0.0,0.0,0.0,1.0,0.0,0.0,True,Qwen/Qwen2.5-Coder-14B-Instruct-AWQ,None
561,Bar,Medium,0.0,0.0,0.0,0.0,0.0,0.0,0.0,0.0,0.0,0.0,1.0,0.0,0.0,True,Qwen/Qwen2.5-Coder-14B-Instruct-AWQ,None
561,Bar,Medium,0.0,0.0,0.0,0.0,0.0,0.0,0.0,0.0,0.0,0.0,1.0,0.0,0.0,True,Qwen/Qwen2.5-Coder-14B-Instruct-AWQ,None
567,Bar,Medium,0.0,0.0,0.0,0.0,0.0,0.0,0.0,0.0,0.0,0.0,1.0,0.0,0.0,False,Qwen/Qwen2.5-Coder-14B-Instruct-AWQ,None
567,Bar,Medium,0.0,0.0,0.0,0.0,0.0,0.0,0.0,0.0,0.0,0.0,1.0,0.0,0.0,False,Qwen/Qwen2.5-Coder-14B-Instruct-AWQ,None
567,Bar,Medium,0.0,0.0,0.0,0.0,0.0,0.0,0.0,0.0,0.0,0.0,1.0,0.0,0.0,False,Qwen/Qwen2.5-Coder-14B-Instruct-AWQ,None
574,Bar,Medium,0.0,0.0,0.0,0.0,0.2,0.0,0.0,0.0,0.0,0.2,0.8,0.0,0.0,True,Qwen/Qwen2.5-Coder-14B-Instruct-AWQ,None
574,Bar,Medium,0.0,0.0,0.0,0.0,0.2,0.0,0.0,0.0,0.0,0.2,0.8,0.0,0.0,True,Qwen/Qwen2.5-Coder-14B-Instruct-AWQ,None
574,Bar,Medium,0.0,0.0,0.0,0.0,0.2,0.0,0.0,0.0,0.0,0.2,0.8,0.0,0.0,True,Qwen/Qwen2.5-Coder-14B-Instruct-AWQ,None
577,Pie,Extra Hard,0.0,0.0,0.0,0.5,0.5,0.0,0.0,0.0,0.0,0.5,0.5,0.0,0.0,True,Qwen/Qwen2.5-Coder-14B-Instruct-AWQ,None
577,Pie,Extra Hard,0.0,0.0,0.0,0.5,0.5,0.0,0.0,0.0,0.0,0.5,0.5,0.0,0.0,True,Qwen/Qwen2.5-Coder-14B-Instruct-AWQ,None
577,Pie,Extra Hard,0.0,0.0,0.0,0.5,0.5,0.0,0.0,0.0,0.0,0.5,0.5,0.0,0.0,True,Qwen/Qwen2.5-Coder-14B-Instruct-AWQ,None
582,Stacked Bar,Hard,0.0,0.0,0.0,0.0,0.0,0.0,0.0,0.0,0.0,0.0,1.0,0.0,0.0,True,Qwen/Qwen2.5-Coder-14B-Instruct-AWQ,None
582,Stacked Bar,Hard,0.0,0.0,0.0,0.0,0.0,0.0,0.0,0.0,0.0,0.0,1.0,0.0,0.0,True,Qwen/Qwen2.5-Coder-14B-Instruct-AWQ,None
582,Stacked Bar,Hard,0.0,0.0,0.0,0.0,0.0,0.0,0.0,0.0,0.0,0.0,1.0,0.0,0.0,True,Qwen/Qwen2.5-Coder-14B-Instruct-AWQ,None
591,Grouping Line,Extra Hard,0.0,0.0,0.0,0.0,1.0,0.0,0.0,0.0,0.0,1.0,0.0,0.0,,True,Qwen/Qwen2.5-Coder-14B-Instruct-AWQ,None
591,Grouping Line,Extra Hard,0.0,0.0,0.0,0.0,1.0,0.0,0.0,0.0,0.0,1.0,0.0,0.0,,True,Qwen/Qwen2.5-Coder-14B-Instruct-AWQ,None
591,Grouping Line,Extra Hard,0.0,0.0,0.0,0.0,1.0,0.0,0.0,0.0,0.0,1.0,0.0,0.0,,True,Qwen/Qwen2.5-Coder-14B-Instruct-AWQ,None
593,Bar,Extra Hard,0.0,0.0,0.0,0.0,0.0,0.0,0.0,0.0,0.0,0.0,1.0,0.0,0.0,True,Qwen/Qwen2.5-Coder-14B-Instruct-AWQ,None
593,Bar,Extra Hard,0.0,0.0,0.0,0.0,0.0,0.0,0.0,0.0,0.0,0.0,1.0,0.0,0.0,True,Qwen/Qwen2.5-Coder-14B-Instruct-AWQ,None
593,Bar,Extra Hard,0.0,0.0,0.0,0.0,0.0,0.0,0.0,0.0,0.0,0.0,1.0,0.0,0.0,True,Qwen/Qwen2.5-Coder-14B-Instruct-AWQ,None
610,Pie,Hard,0.0,0.0,0.0,0.0,1.0,0.0,0.0,0.0,0.0,1.0,0.0,0.0,,True,Qwen/Qwen2.5-Coder-14B-Instruct-AWQ,None
610,Pie,Hard,0.0,0.0,0.0,0.0,1.0,0.0,0.0,0.0,0.0,1.0,0.0,0.0,,True,Qwen/Qwen2.5-Coder-14B-Instruct-AWQ,None
610,Pie,Hard,0.0,0.0,0.0,0.0,1.0,0.0,0.0,0.0,0.0,1.0,0.0,0.0,,True,Qwen/Qwen2.5-Coder-14B-Instruct-AWQ,None
611,Line,Hard,0.0,0.0,0.0,0.0,0.0,0.0,0.0,0.0,0.0,0.0,1.0,0.0,0.0,True,Qwen/Qwen2.5-Coder-14B-Instruct-AWQ,None
611,Line,Hard,0.0,0.0,0.0,0.0,0.0,0.0,0.0,0.0,0.0,0.0,1.0,0.0,0.0,True,Qwen/Qwen2.5-Coder-14B-Instruct-AWQ,None
611,Line,Hard,0.0,0.0,0.0,0.0,0.0,0.0,0.0,0.0,0.0,0.0,1.0,0.0,0.0,True,Qwen/Qwen2.5-Coder-14B-Instruct-AWQ,None
612,Line,Hard,0.0,0.0,0.0,0.0,0.0,0.0,0.0,0.0,0.0,0.0,1.0,0.0,0.0,True,Qwen/Qwen2.5-Coder-14B-Instruct-AWQ,None
612,Line,Hard,0.0,0.0,0.0,0.0,0.0,0.0,0.0,0.0,0.0,0.0,1.0,0.0,0.0,True,Qwen/Qwen2.5-Coder-14B-Instruct-AWQ,None
612,Line,Hard,0.0,0.0,0.0,0.0,0.0,0.0,0.0,0.0,0.0,0.0,1.0,0.0,0.0,True,Qwen/Qwen2.5-Coder-14B-Instruct-AWQ,None
616,Bar,Medium,0.0,0.0,0.0,0.0,0.0,0.0,0.0,0.0,0.0,0.0,1.0,0.0,0.0,False,Qwen/Qwen2.5-Coder-14B-Instruct-AWQ,None
616,Bar,Medium,0.0,0.0,0.0,0.0,0.0,0.0,0.0,0.0,0.0,0.0,1.0,0.0,0.0,False,Qwen/Qwen2.5-Coder-14B-Instruct-AWQ,None
616,Bar,Medium,0.0,0.0,0.0,0.0,0.0,0.0,0.0,0.0,0.0,0.0,1.0,0.0,0.0,False,Qwen/Qwen2.5-Coder-14B-Instruct-AWQ,None
617,Bar,Medium,0.0,0.0,0.0,0.0,0.0,0.0,0.0,0.0,0.0,0.0,1.0,0.0,0.0,False,Qwen/Qwen2.5-Coder-14B-Instruct-AWQ,None
617,Bar,Medium,0.0,0.0,0.0,0.0,0.0,0.0,0.0,0.0,0.0,0.0,1.0,0.0,0.0,False,Qwen/Qwen2.5-Coder-14B-Instruct-AWQ,None
617,Bar,Medium,0.0,0.0,0.0,0.0,0.0,0.0,0.0,0.0,0.0,0.0,1.0,0.0,0.0,False,Qwen/Qwen2.5-Coder-14B-Instruct-AWQ,None
622,Scatter,Easy,0.0,0.0,0.0,0.0,0.0,0.0,0.0,0.0,0.0,0.0,1.0,0.0,0.0,False,Qwen/Qwen2.5-Coder-14B-Instruct-AWQ,None
622,Scatter,Easy,0.0,0.0,0.0,0.0,0.0,0.0,0.0,0.0,0.0,0.0,1.0,0.0,0.0,False,Qwen/Qwen2.5-Coder-14B-Instruct-AWQ,None
622,Scatter,Easy,0.0,0.0,0.0,0.0,0.0,0.0,0.0,0.0,0.0,0.0,1.0,0.0,0.0,False,Qwen/Qwen2.5-Coder-14B-Instruct-AWQ,None
628,Scatter,Extra Hard,0.0,0.0,0.0,0.0,1.0,0.0,0.0,0.0,0.0,1.0,0.0,0.0,,True,Qwen/Qwen2.5-Coder-14B-Instruct-AWQ,None
628,Scatter,Extra Hard,0.0,0.0,0.0,0.0,1.0,0.0,0.0,0.0,0.0,1.0,0.0,0.0,,True,Qwen/Qwen2.5-Coder-14B-Instruct-AWQ,None
628,Scatter,Extra Hard,0.0,0.0,0.0,0.0,1.0,0.0,0.0,0.0,0.0,1.0,0.0,0.0,,True,Qwen/Qwen2.5-Coder-14B-Instruct-AWQ,None
659,Bar,Hard,0.5,0.0,0.0,0.0,0.0,0.0,0.0,0.0,0.5,0.0,0.5,0.0,0.0,False,Qwen/Qwen2.5-Coder-14B-Instruct-AWQ,None
659,Bar,Hard,0.5,0.0,0.0,0.0,0.0,0.0,0.0,0.0,0.5,0.0,0.5,0.0,0.0,False,Qwen/Qwen2.5-Coder-14B-Instruct-AWQ,None
659,Bar,Hard,0.5,0.0,0.0,0.0,0.0,0.0,0.0,0.0,0.5,0.0,0.5,0.0,0.0,False,Qwen/Qwen2.5-Coder-14B-Instruct-AWQ,None
664,Bar,Medium,0.0,0.0,0.0,0.0,0.0,0.0,0.0,0.0,0.0,0.0,1.0,0.0,0.0,False,Qwen/Qwen2.5-Coder-14B-Instruct-AWQ,None
664,Bar,Medium,0.0,0.0,0.0,0.0,0.0,0.0,0.0,0.0,0.0,0.0,1.0,0.0,0.0,False,Qwen/Qwen2.5-Coder-14B-Instruct-AWQ,None
664,Bar,Medium,0.0,0.0,0.0,0.0,0.0,0.0,0.0,0.0,0.0,0.0,1.0,0.0,0.0,False,Qwen/Qwen2.5-Coder-14B-Instruct-AWQ,None
665,Bar,Medium,0.0,0.0,0.0,0.0,1.0,0.0,0.0,0.0,0.0,1.0,0.0,0.0,,False,Qwen/Qwen2.5-Coder-14B-Instruct-AWQ,None
665,Bar,Medium,0.0,0.0,0.0,0.0,1.0,0.0,0.0,0.0,0.0,1.0,0.0,0.0,,False,Qwen/Qwen2.5-Coder-14B-Instruct-AWQ,None
665,Bar,Medium,0.0,0.0,0.0,0.0,1.0,0.0,0.0,0.0,0.0,1.0,0.0,0.0,,False,Qwen/Qwen2.5-Coder-14B-Instruct-AWQ,None
674,Scatter,Easy,0.0,0.0,0.0,0.0,0.0,0.0,0.0,0.0,0.0,0.0,1.0,0.0,0.0,False,Qwen/Qwen2.5-Coder-14B-Instruct-AWQ,None
674,Scatter,Easy,0.0,0.0,0.0,0.0,0.0,0.0,0.0,0.0,0.0,0.0,1.0,0.0,0.0,False,Qwen/Qwen2.5-Coder-14B-Instruct-AWQ,None
674,Scatter,Easy,0.0,0.0,0.0,0.0,0.0,0.0,0.0,0.0,0.0,0.0,1.0,0.0,0.0,False,Qwen/Qwen2.5-Coder-14B-Instruct-AWQ,None
676,Bar,Hard,0.0,0.0,0.0,0.0,1.0,0.0,0.0,0.0,0.0,1.0,0.0,0.0,,True,Qwen/Qwen2.5-Coder-14B-Instruct-AWQ,None
676,Bar,Hard,0.0,0.0,0.0,0.0,1.0,0.0,0.0,0.0,0.0,1.0,0.0,0.0,,True,Qwen/Qwen2.5-Coder-14B-Instruct-AWQ,None
676,Bar,Hard,0.0,0.0,0.0,0.0,1.0,0.0,0.0,0.0,0.0,1.0,0.0,0.0,,True,Qwen/Qwen2.5-Coder-14B-Instruct-AWQ,None
688,Bar,Easy,0.0,0.0,0.0,0.0,0.0,0.0,0.0,0.0,0.0,0.0,1.0,0.0,0.0,False,Qwen/Qwen2.5-Coder-14B-Instruct-AWQ,None
688,Bar,Easy,0.0,0.0,0.0,0.0,0.0,0.0,0.0,0.0,0.0,0.0,1.0,0.0,0.0,False,Qwen/Qwen2.5-Coder-14B-Instruct-AWQ,None
688,Bar,Easy,0.0,0.0,0.0,0.0,0.0,0.0,0.0,0.0,0.0,0.0,1.0,0.0,0.0,False,Qwen/Qwen2.5-Coder-14B-Instruct-AWQ,None
691,Pie,Hard,0.0,0.0,0.0,0.3333333333333333,1.0,0.0,0.0,0.0,0.0,1.0,0.0,0.0,,True,Qwen/Qwen2.5-Coder-14B-Instruct-AWQ,None
691,Pie,Hard,0.0,0.0,0.0,0.3333333333333333,1.0,0.0,0.0,0.0,0.0,1.0,0.0,0.0,,True,Qwen/Qwen2.5-Coder-14B-Instruct-AWQ,None
691,Pie,Hard,0.0,0.0,0.0,0.3333333333333333,1.0,0.0,0.0,0.0,0.0,1.0,0.0,0.0,,True,Qwen/Qwen2.5-Coder-14B-Instruct-AWQ,None
693,Bar,Easy,0.0,0.0,0.0,0.0,0.0,0.0,0.0,0.0,0.0,0.0,1.0,0.0,0.0,False,Qwen/Qwen2.5-Coder-14B-Instruct-AWQ,None
693,Bar,Easy,0.0,0.0,0.0,0.0,0.0,0.0,0.0,0.0,0.0,0.0,1.0,0.0,0.0,False,Qwen/Qwen2.5-Coder-14B-Instruct-AWQ,None
693,Bar,Easy,0.0,0.0,0.0,0.0,0.0,0.0,0.0,0.0,0.0,0.0,1.0,0.0,0.0,False,Qwen/Qwen2.5-Coder-14B-Instruct-AWQ,None
697,Bar,Easy,0.0,0.0,0.0,0.0,1.0,0.0,0.0,0.0,0.0,1.0,0.0,0.0,,False,Qwen/Qwen2.5-Coder-14B-Instruct-AWQ,None
697,Bar,Easy,0.0,0.0,0.0,0.0,1.0,0.0,0.0,0.0,0.0,1.0,0.0,0.0,,False,Qwen/Qwen2.5-Coder-14B-Instruct-AWQ,None
697,Bar,Easy,0.0,0.0,0.0,0.0,1.0,0.0,0.0,0.0,0.0,1.0,0.0,0.0,,False,Qwen/Qwen2.5-Coder-14B-Instruct-AWQ,None
699,Pie,Medium,0.0,0.0,0.0,0.0,1.0,0.0,0.0,0.0,0.0,1.0,0.0,0.0,,True,Qwen/Qwen2.5-Coder-14B-Instruct-AWQ,None
699,Pie,Medium,0.0,0.0,0.0,0.0,1.0,0.0,0.0,0.0,0.0,1.0,0.0,0.0,,True,Qwen/Qwen2.5-Coder-14B-Instruct-AWQ,None
699,Pie,Medium,0.0,0.0,0.0,0.0,1.0,0.0,0.0,0.0,0.0,1.0,0.0,0.0,,True,Qwen/Qwen2.5-Coder-14B-Instruct-AWQ,None
707,Scatter,Easy,0.0,0.0,0.0,0.0,0.0,0.0,0.0,0.0,0.0,0.0,1.0,0.0,0.0,True,Qwen/Qwen2.5-Coder-14B-Instruct-AWQ,None
707,Scatter,Easy,0.0,0.0,0.0,0.0,0.0,0.0,0.0,0.0,0.0,0.0,1.0,0.0,0.0,True,Qwen/Qwen2.5-Coder-14B-Instruct-AWQ,None
707,Scatter,Easy,0.0,0.0,0.0,0.0,0.0,0.0,0.0,0.0,0.0,0.0,1.0,0.0,0.0,True,Qwen/Qwen2.5-Coder-14B-Instruct-AWQ,None
708,Pie,Easy,0.0,0.0,0.0,0.0,0.0,0.0,0.0,0.0,0.0,0.0,1.0,0.0,0.0,False,Qwen/Qwen2.5-Coder-14B-Instruct-AWQ,None
708,Pie,Easy,0.0,0.0,0.0,0.0,0.0,0.0,0.0,0.0,0.0,0.0,1.0,0.0,0.0,False,Qwen/Qwen2.5-Coder-14B-Instruct-AWQ,None
708,Pie,Easy,0.0,0.0,0.0,0.0,0.0,0.0,0.0,0.0,0.0,0.0,1.0,0.0,0.0,False,Qwen/Qwen2.5-Coder-14B-Instruct-AWQ,None
712,Pie,Medium,0.0,0.0,0.0,0.0,1.0,0.0,0.0,0.0,0.0,1.0,0.0,0.0,,True,Qwen/Qwen2.5-Coder-14B-Instruct-AWQ,None
712,Pie,Medium,0.0,0.0,0.0,0.0,1.0,0.0,0.0,0.0,0.0,1.0,0.0,0.0,,True,Qwen/Qwen2.5-Coder-14B-Instruct-AWQ,None
712,Pie,Medium,0.0,0.0,0.0,0.0,1.0,0.0,0.0,0.0,0.0,1.0,0.0,0.0,,True,Qwen/Qwen2.5-Coder-14B-Instruct-AWQ,None
714,Pie,Medium,0.0,0.0,0.0,0.0,1.0,0.0,0.0,0.0,0.0,1.0,0.0,0.0,,True,Qwen/Qwen2.5-Coder-14B-Instruct-AWQ,None
714,Pie,Medium,0.0,0.0,0.0,0.0,1.0,0.0,0.0,0.0,0.0,1.0,0.0,0.0,,True,Qwen/Qwen2.5-Coder-14B-Instruct-AWQ,None
714,Pie,Medium,0.0,0.0,0.0,0.0,1.0,0.0,0.0,0.0,0.0,1.0,0.0,0.0,,True,Qwen/Qwen2.5-Coder-14B-Instruct-AWQ,None
718,Pie,Medium,0.0,0.0,0.0,0.0,1.0,0.0,0.0,0.0,0.0,1.0,0.0,0.0,,True,Qwen/Qwen2.5-Coder-14B-Instruct-AWQ,None
718,Pie,Medium,0.0,0.0,0.0,0.0,1.0,0.0,0.0,0.0,0.0,1.0,0.0,0.0,,True,Qwen/Qwen2.5-Coder-14B-Instruct-AWQ,None
718,Pie,Medium,0.0,0.0,0.0,0.0,1.0,0.0,0.0,0.0,0.0,1.0,0.0,0.0,,True,Qwen/Qwen2.5-Coder-14B-Instruct-AWQ,None
722,Pie,Medium,0.0,0.0,0.0,0.0,1.0,0.0,0.0,0.0,0.0,1.0,0.0,0.0,,True,Qwen/Qwen2.5-Coder-14B-Instruct-AWQ,None
722,Pie,Medium,0.0,0.0,0.0,0.0,1.0,0.0,0.0,0.0,0.0,1.0,0.0,0.0,,True,Qwen/Qwen2.5-Coder-14B-Instruct-AWQ,None
722,Pie,Medium,0.0,0.0,0.0,0.0,1.0,0.0,0.0,0.0,0.0,1.0,0.0,0.0,,True,Qwen/Qwen2.5-Coder-14B-Instruct-AWQ,None
743,Pie,Medium,0.0,0.0,0.0,0.0,1.0,0.0,0.0,0.0,0.0,1.0,0.0,0.0,,True,Qwen/Qwen2.5-Coder-14B-Instruct-AWQ,None
743,Pie,Medium,0.0,0.0,0.0,0.0,1.0,0.0,0.0,0.0,0.0,1.0,0.0,0.0,,True,Qwen/Qwen2.5-Coder-14B-Instruct-AWQ,None
743,Pie,Medium,0.0,0.0,0.0,0.0,1.0,0.0,0.0,0.0,0.0,1.0,0.0,0.0,,True,Qwen/Qwen2.5-Coder-14B-Instruct-AWQ,None
744,Bar,Medium,0.0,0.0,0.0,0.0,0.0,0.0,0.0,0.0,0.0,0.0,1.0,0.0,0.0,True,Qwen/Qwen2.5-Coder-14B-Instruct-AWQ,None
744,Bar,Medium,0.0,0.0,0.0,0.0,0.0,0.0,0.0,0.0,0.0,0.0,1.0,0.0,0.0,True,Qwen/Qwen2.5-Coder-14B-Instruct-AWQ,None
744,Bar,Medium,0.0,0.0,0.0,0.0,0.0,0.0,0.0,0.0,0.0,0.0,1.0,0.0,0.0,True,Qwen/Qwen2.5-Coder-14B-Instruct-AWQ,None
747,Pie,Hard,0.3333333333333333,0.0,0.0,0.0,0.0,0.0,0.0,0.0,0.3333333333333333,0.0,0.6666666666666666,0.0,0.0,True,Qwen/Qwen2.5-Coder-14B-Instruct-AWQ,None
747,Pie,Hard,0.3333333333333333,0.0,0.0,0.0,0.0,0.0,0.0,0.0,0.3333333333333333,0.0,0.6666666666666666,0.0,0.0,True,Qwen/Qwen2.5-Coder-14B-Instruct-AWQ,None
747,Pie,Hard,0.3333333333333333,0.0,0.0,0.0,0.0,0.0,0.0,0.0,0.3333333333333333,0.0,0.6666666666666666,0.0,0.0,True,Qwen/Qwen2.5-Coder-14B-Instruct-AWQ,None
770,Line,Easy,0.0,0.0,0.0,0.0,0.0,0.0,0.0,0.0,0.0,0.0,1.0,0.0,0.0,False,Qwen/Qwen2.5-Coder-14B-Instruct-AWQ,None
770,Line,Easy,0.0,0.0,0.0,0.0,0.0,0.0,0.0,0.0,0.0,0.0,1.0,0.0,0.0,False,Qwen/Qwen2.5-Coder-14B-Instruct-AWQ,None
770,Line,Easy,0.0,0.0,0.0,0.0,0.0,0.0,0.0,0.0,0.0,0.0,1.0,0.0,0.0,False,Qwen/Qwen2.5-Coder-14B-Instruct-AWQ,None
778,Grouping Line,Hard,0.0,0.0,0.0,0.0,0.0,0.0,0.0,0.0,0.0,0.0,1.0,0.0,0.0,False,Qwen/Qwen2.5-Coder-14B-Instruct-AWQ,None
778,Grouping Line,Hard,0.0,0.0,0.0,0.0,0.0,0.0,0.0,0.0,0.0,0.0,1.0,0.0,0.0,False,Qwen/Qwen2.5-Coder-14B-Instruct-AWQ,None
778,Grouping Line,Hard,0.0,0.0,0.0,0.0,0.0,0.0,0.0,0.0,0.0,0.0,1.0,0.0,0.0,False,Qwen/Qwen2.5-Coder-14B-Instruct-AWQ,None
781,Pie,Easy,0.0,0.0,0.0,0.0,1.0,0.0,0.0,0.0,0.0,1.0,0.0,0.0,,False,Qwen/Qwen2.5-Coder-14B-Instruct-AWQ,None
781,Pie,Easy,0.0,0.0,0.0,0.0,1.0,0.0,0.0,0.0,0.0,1.0,0.0,0.0,,False,Qwen/Qwen2.5-Coder-14B-Instruct-AWQ,None
781,Pie,Easy,0.0,0.0,0.0,0.0,1.0,0.0,0.0,0.0,0.0,1.0,0.0,0.0,,False,Qwen/Qwen2.5-Coder-14B-Instruct-AWQ,None
789,Line,Easy,0.0,0.0,0.0,0.0,0.0,0.0,0.0,0.0,0.0,0.0,1.0,0.0,0.0,False,Qwen/Qwen2.5-Coder-14B-Instruct-AWQ,None
789,Line,Easy,0.0,0.0,0.0,0.0,0.0,0.0,0.0,0.0,0.0,0.0,1.0,0.0,0.0,False,Qwen/Qwen2.5-Coder-14B-Instruct-AWQ,None
789,Line,Easy,0.0,0.0,0.0,0.0,0.0,0.0,0.0,0.0,0.0,0.0,1.0,0.0,0.0,False,Qwen/Qwen2.5-Coder-14B-Instruct-AWQ,None
790,Pie,Easy,0.0,0.0,0.0,0.0,1.0,0.0,0.0,0.0,0.0,1.0,0.0,0.0,,False,Qwen/Qwen2.5-Coder-14B-Instruct-AWQ,None
790,Pie,Easy,0.0,0.0,0.0,0.0,1.0,0.0,0.0,0.0,0.0,1.0,0.0,0.0,,False,Qwen/Qwen2.5-Coder-14B-Instruct-AWQ,None
790,Pie,Easy,0.0,0.0,0.0,0.0,1.0,0.0,0.0,0.0,0.0,1.0,0.0,0.0,,False,Qwen/Qwen2.5-Coder-14B-Instruct-AWQ,None
793,Bar,Medium,0.0,0.0,0.0,0.0,1.0,0.0,0.0,0.0,0.0,1.0,0.0,0.0,,True,Qwen/Qwen2.5-Coder-14B-Instruct-AWQ,None
793,Bar,Medium,0.0,0.0,0.0,0.0,1.0,0.0,0.0,0.0,0.0,1.0,0.0,0.0,,True,Qwen/Qwen2.5-Coder-14B-Instruct-AWQ,None
793,Bar,Medium,0.0,0.0,0.0,0.0,1.0,0.0,0.0,0.0,0.0,1.0,0.0,0.0,,True,Qwen/Qwen2.5-Coder-14B-Instruct-AWQ,None
802,Pie,Easy,0.0,0.0,0.0,0.0,1.0,0.0,0.0,0.0,0.0,1.0,0.0,0.0,,False,Qwen/Qwen2.5-Coder-14B-Instruct-AWQ,None
802,Pie,Easy,0.0,0.0,0.0,0.0,1.0,0.0,0.0,0.0,0.0,1.0,0.0,0.0,,False,Qwen/Qwen2.5-Coder-14B-Instruct-AWQ,None
802,Pie,Easy,0.0,0.0,0.0,0.0,1.0,0.0,0.0,0.0,0.0,1.0,0.0,0.0,,False,Qwen/Qwen2.5-Coder-14B-Instruct-AWQ,None
803,Bar,Easy,0.0,0.0,0.0,0.0,0.0,0.0,0.0,0.0,0.0,0.0,1.0,0.0,0.0,False,Qwen/Qwen2.5-Coder-14B-Instruct-AWQ,None
803,Bar,Easy,0.0,0.0,0.0,0.0,0.0,0.0,0.0,0.0,0.0,0.0,1.0,0.0,0.0,False,Qwen/Qwen2.5-Coder-14B-Instruct-AWQ,None
803,Bar,Easy,0.0,0.0,0.0,0.0,0.0,0.0,0.0,0.0,0.0,0.0,1.0,0.0,0.0,False,Qwen/Qwen2.5-Coder-14B-Instruct-AWQ,None
809,Bar,Easy,0.0,0.0,0.0,0.0,0.0,0.0,0.0,0.0,0.0,0.0,1.0,0.0,0.0,False,Qwen/Qwen2.5-Coder-14B-Instruct-AWQ,None
809,Bar,Easy,0.0,0.0,0.0,0.0,0.0,0.0,0.0,0.0,0.0,0.0,1.0,0.0,0.0,False,Qwen/Qwen2.5-Coder-14B-Instruct-AWQ,None
809,Bar,Easy,0.0,0.0,0.0,0.0,0.0,0.0,0.0,0.0,0.0,0.0,1.0,0.0,0.0,False,Qwen/Qwen2.5-Coder-14B-Instruct-AWQ,None
812,Bar,Medium,0.0,0.0,0.0,0.0,0.0,0.0,0.0,0.0,0.0,0.0,1.0,0.0,0.0,True,Qwen/Qwen2.5-Coder-14B-Instruct-AWQ,None
812,Bar,Medium,0.0,0.0,0.0,0.0,0.0,0.0,0.0,0.0,0.0,0.0,1.0,0.0,0.0,True,Qwen/Qwen2.5-Coder-14B-Instruct-AWQ,None
812,Bar,Medium,0.0,0.0,0.0,0.0,0.0,0.0,0.0,0.0,0.0,0.0,1.0,0.0,0.0,True,Qwen/Qwen2.5-Coder-14B-Instruct-AWQ,None
815,Pie,Medium,0.0,0.0,0.0,0.0,1.0,0.0,0.0,0.0,0.0,1.0,0.0,0.0,,True,Qwen/Qwen2.5-Coder-14B-Instruct-AWQ,None
815,Pie,Medium,0.0,0.0,0.0,0.0,1.0,0.0,0.0,0.0,0.0,1.0,0.0,0.0,,True,Qwen/Qwen2.5-Coder-14B-Instruct-AWQ,None
815,Pie,Medium,0.0,0.0,0.0,0.0,1.0,0.0,0.0,0.0,0.0,1.0,0.0,0.0,,True,Qwen/Qwen2.5-Coder-14B-Instruct-AWQ,None
817,Bar,Medium,0.0,0.0,0.0,0.0,0.0,0.0,0.0,0.0,0.0,0.0,1.0,0.0,0.0,True,Qwen/Qwen2.5-Coder-14B-Instruct-AWQ,None
817,Bar,Medium,0.0,0.0,0.0,0.0,0.0,0.0,0.0,0.0,0.0,0.0,1.0,0.0,0.0,True,Qwen/Qwen2.5-Coder-14B-Instruct-AWQ,None
817,Bar,Medium,0.0,0.0,0.0,0.0,0.0,0.0,0.0,0.0,0.0,0.0,1.0,0.0,0.0,True,Qwen/Qwen2.5-Coder-14B-Instruct-AWQ,None
832,Bar,Medium,0.0,0.0,0.0,0.0,0.0,0.0,0.0,0.0,0.0,0.0,1.0,0.0,0.0,True,Qwen/Qwen2.5-Coder-14B-Instruct-AWQ,None
832,Bar,Medium,0.0,0.0,0.0,0.0,0.0,0.0,0.0,0.0,0.0,0.0,1.0,0.0,0.0,True,Qwen/Qwen2.5-Coder-14B-Instruct-AWQ,None
832,Bar,Medium,0.0,0.0,0.0,0.0,0.0,0.0,0.0,0.0,0.0,0.0,1.0,0.0,0.0,True,Qwen/Qwen2.5-Coder-14B-Instruct-AWQ,None
834,Pie,Medium,0.0,0.0,0.0,0.0,1.0,0.0,0.0,0.0,0.0,1.0,0.0,0.0,,True,Qwen/Qwen2.5-Coder-14B-Instruct-AWQ,None
834,Pie,Medium,0.0,0.0,0.0,0.0,1.0,0.0,0.0,0.0,0.0,1.0,0.0,0.0,,True,Qwen/Qwen2.5-Coder-14B-Instruct-AWQ,None
834,Pie,Medium,0.0,0.0,0.0,0.0,1.0,0.0,0.0,0.0,0.0,1.0,0.0,0.0,,True,Qwen/Qwen2.5-Coder-14B-Instruct-AWQ,None
838,Pie,Medium,0.5,0.0,0.0,0.0,0.5,0.0,0.0,0.0,0.5,0.5,0.0,0.0,,True,Qwen/Qwen2.5-Coder-14B-Instruct-AWQ,None
838,Pie,Medium,0.5,0.0,0.0,0.0,0.5,0.0,0.0,0.0,0.5,0.5,0.0,0.0,,True,Qwen/Qwen2.5-Coder-14B-Instruct-AWQ,None
838,Pie,Medium,0.5,0.0,0.0,0.0,0.5,0.0,0.0,0.0,0.5,0.5,0.0,0.0,,True,Qwen/Qwen2.5-Coder-14B-Instruct-AWQ,None
856,Pie,Hard,0.0,0.0,0.0,0.0,1.0,0.0,0.0,0.0,0.0,1.0,0.0,0.0,,True,Qwen/Qwen2.5-Coder-14B-Instruct-AWQ,None
856,Pie,Hard,0.0,0.0,0.0,0.0,1.0,0.0,0.0,0.0,0.0,1.0,0.0,0.0,,True,Qwen/Qwen2.5-Coder-14B-Instruct-AWQ,None
856,Pie,Hard,0.0,0.0,0.0,0.0,1.0,0.0,0.0,0.0,0.0,1.0,0.0,0.0,,True,Qwen/Qwen2.5-Coder-14B-Instruct-AWQ,None
858,Pie,Easy,0.0,0.0,0.0,0.0,1.0,0.0,0.0,0.0,0.0,1.0,0.0,0.0,,False,Qwen/Qwen2.5-Coder-14B-Instruct-AWQ,None
858,Pie,Easy,0.0,0.0,0.0,0.0,1.0,0.0,0.0,0.0,0.0,1.0,0.0,0.0,,False,Qwen/Qwen2.5-Coder-14B-Instruct-AWQ,None
858,Pie,Easy,0.0,0.0,0.0,0.0,1.0,0.0,0.0,0.0,0.0,1.0,0.0,0.0,,False,Qwen/Qwen2.5-Coder-14B-Instruct-AWQ,None
868,Line,Hard,0.0,0.0,0.0,0.0,0.0,0.0,0.0,0.0,0.0,0.0,1.0,0.0,0.0,True,Qwen/Qwen2.5-Coder-14B-Instruct-AWQ,None
868,Line,Hard,0.0,0.0,0.0,0.0,0.0,0.0,0.0,0.0,0.0,0.0,1.0,0.0,0.0,True,Qwen/Qwen2.5-Coder-14B-Instruct-AWQ,None
868,Line,Hard,0.0,0.0,0.0,0.0,0.0,0.0,0.0,0.0,0.0,0.0,1.0,0.0,0.0,True,Qwen/Qwen2.5-Coder-14B-Instruct-AWQ,None
874,Pie,Medium,0.0,0.0,0.0,0.0,1.0,0.0,0.0,0.0,0.0,1.0,0.0,0.0,,True,Qwen/Qwen2.5-Coder-14B-Instruct-AWQ,None
874,Pie,Medium,0.0,0.0,0.0,0.0,1.0,0.0,0.0,0.0,0.0,1.0,0.0,0.0,,True,Qwen/Qwen2.5-Coder-14B-Instruct-AWQ,None
874,Pie,Medium,0.0,0.0,0.0,0.0,1.0,0.0,0.0,0.0,0.0,1.0,0.0,0.0,,True,Qwen/Qwen2.5-Coder-14B-Instruct-AWQ,None
875,Bar,Medium,0.0,0.0,0.0,0.0,0.0,0.0,0.0,0.0,0.0,0.0,1.0,0.0,0.0,True,Qwen/Qwen2.5-Coder-14B-Instruct-AWQ,None
875,Bar,Medium,0.0,0.0,0.0,0.0,0.0,0.0,0.0,0.0,0.0,0.0,1.0,0.0,0.0,True,Qwen/Qwen2.5-Coder-14B-Instruct-AWQ,None
875,Bar,Medium,0.0,0.0,0.0,0.0,0.0,0.0,0.0,0.0,0.0,0.0,1.0,0.0,0.0,True,Qwen/Qwen2.5-Coder-14B-Instruct-AWQ,None
880,Line,Hard,0.0,0.0,0.0,0.0,0.0,0.0,0.0,0.0,0.0,0.0,1.0,0.0,0.0,True,Qwen/Qwen2.5-Coder-14B-Instruct-AWQ,None
880,Line,Hard,0.0,0.0,0.0,0.0,0.0,0.0,0.0,0.0,0.0,0.0,1.0,0.0,0.0,True,Qwen/Qwen2.5-Coder-14B-Instruct-AWQ,None
880,Line,Hard,0.0,0.0,0.0,0.0,0.0,0.0,0.0,0.0,0.0,0.0,1.0,0.0,0.0,True,Qwen/Qwen2.5-Coder-14B-Instruct-AWQ,None
883,Pie,Hard,0.0,0.0,0.0,0.25,1.0,0.0,0.0,0.0,0.0,1.0,0.0,0.0,,True,Qwen/Qwen2.5-Coder-14B-Instruct-AWQ,None
883,Pie,Hard,0.0,0.0,0.0,0.25,1.0,0.0,0.0,0.0,0.0,1.0,0.0,0.0,,True,Qwen/Qwen2.5-Coder-14B-Instruct-AWQ,None
883,Pie,Hard,0.0,0.0,0.0,0.25,1.0,0.0,0.0,0.0,0.0,1.0,0.0,0.0,,True,Qwen/Qwen2.5-Coder-14B-Instruct-AWQ,None
887,Pie,Easy,0.0,0.0,0.0,0.0,0.5,0.0,0.0,0.0,0.0,0.5,0.5,0.0,0.0,False,Qwen/Qwen2.5-Coder-14B-Instruct-AWQ,None
887,Pie,Easy,0.0,0.0,0.0,0.0,0.5,0.0,0.0,0.0,0.0,0.5,0.5,0.0,0.0,False,Qwen/Qwen2.5-Coder-14B-Instruct-AWQ,None
887,Pie,Easy,0.0,0.0,0.0,0.0,0.5,0.0,0.0,0.0,0.0,0.5,0.5,0.0,0.0,False,Qwen/Qwen2.5-Coder-14B-Instruct-AWQ,None
906,Pie,Easy,0.0,0.0,0.0,0.0,1.0,0.0,0.0,0.0,0.0,1.0,0.0,0.0,,False,Qwen/Qwen2.5-Coder-14B-Instruct-AWQ,None
906,Pie,Easy,0.0,0.0,0.0,0.0,1.0,0.0,0.0,0.0,0.0,1.0,0.0,0.0,,False,Qwen/Qwen2.5-Coder-14B-Instruct-AWQ,None
906,Pie,Easy,0.0,0.0,0.0,0.0,1.0,0.0,0.0,0.0,0.0,1.0,0.0,0.0,,False,Qwen/Qwen2.5-Coder-14B-Instruct-AWQ,None
908,Pie,Easy,0.0,0.0,0.0,0.0,1.0,0.0,0.0,0.0,0.0,1.0,0.0,0.0,,False,Qwen/Qwen2.5-Coder-14B-Instruct-AWQ,None
908,Pie,Easy,0.0,0.0,0.0,0.0,1.0,0.0,0.0,0.0,0.0,1.0,0.0,0.0,,False,Qwen/Qwen2.5-Coder-14B-Instruct-AWQ,None
908,Pie,Easy,0.0,0.0,0.0,0.0,1.0,0.0,0.0,0.0,0.0,1.0,0.0,0.0,,False,Qwen/Qwen2.5-Coder-14B-Instruct-AWQ,None
910,Pie,Medium,0.0,0.0,0.0,0.0,1.0,0.0,0.0,0.0,0.0,1.0,0.0,0.0,,True,Qwen/Qwen2.5-Coder-14B-Instruct-AWQ,None
910,Pie,Medium,0.0,0.0,0.0,0.0,1.0,0.0,0.0,0.0,0.0,1.0,0.0,0.0,,True,Qwen/Qwen2.5-Coder-14B-Instruct-AWQ,None
910,Pie,Medium,0.0,0.0,0.0,0.0,1.0,0.0,0.0,0.0,0.0,1.0,0.0,0.0,,True,Qwen/Qwen2.5-Coder-14B-Instruct-AWQ,None
912,Bar,Medium,0.0,0.0,0.0,0.0,0.0,0.0,0.0,0.0,0.0,0.0,1.0,0.0,0.0,True,Qwen/Qwen2.5-Coder-14B-Instruct-AWQ,None
912,Bar,Medium,0.0,0.0,0.0,0.0,0.0,0.0,0.0,0.0,0.0,0.0,1.0,0.0,0.0,True,Qwen/Qwen2.5-Coder-14B-Instruct-AWQ,None
912,Bar,Medium,0.0,0.0,0.0,0.0,0.0,0.0,0.0,0.0,0.0,0.0,1.0,0.0,0.0,True,Qwen/Qwen2.5-Coder-14B-Instruct-AWQ,None
914,Bar,Hard,0.0,0.0,0.0,0.0,0.0,0.0,0.0,0.0,0.0,0.0,1.0,0.0,0.0,True,Qwen/Qwen2.5-Coder-14B-Instruct-AWQ,None
914,Bar,Hard,0.0,0.0,0.0,0.0,0.0,0.0,0.0,0.0,0.0,0.0,1.0,0.0,0.0,True,Qwen/Qwen2.5-Coder-14B-Instruct-AWQ,None
914,Bar,Hard,0.0,0.0,0.0,0.0,0.0,0.0,0.0,0.0,0.0,0.0,1.0,0.0,0.0,True,Qwen/Qwen2.5-Coder-14B-Instruct-AWQ,None
924,Bar,Medium,0.0,0.0,0.0,0.0,0.0,0.0,0.0,0.0,0.0,0.0,1.0,0.0,0.0,False,Qwen/Qwen2.5-Coder-14B-Instruct-AWQ,None
924,Bar,Medium,0.0,0.0,0.0,0.0,0.0,0.0,0.0,0.0,0.0,0.0,1.0,0.0,0.0,False,Qwen/Qwen2.5-Coder-14B-Instruct-AWQ,None
924,Bar,Medium,0.0,0.0,0.0,0.0,0.0,0.0,0.0,0.0,0.0,0.0,1.0,0.0,0.0,False,Qwen/Qwen2.5-Coder-14B-Instruct-AWQ,None
926,Bar,Easy,0.0,0.0,0.0,0.0,0.0,0.0,0.0,0.0,0.0,0.0,1.0,0.0,0.0,False,Qwen/Qwen2.5-Coder-14B-Instruct-AWQ,None
926,Bar,Easy,0.0,0.0,0.0,0.0,0.0,0.0,0.0,0.0,0.0,0.0,1.0,0.0,0.0,False,Qwen/Qwen2.5-Coder-14B-Instruct-AWQ,None
926,Bar,Easy,0.0,0.0,0.0,0.0,0.0,0.0,0.0,0.0,0.0,0.0,1.0,0.0,0.0,False,Qwen/Qwen2.5-Coder-14B-Instruct-AWQ,None
961,Bar,Medium,0.0,0.0,0.0,0.0,0.0,0.0,0.0,0.0,0.0,0.0,1.0,0.0,0.0,True,Qwen/Qwen2.5-Coder-14B-Instruct-AWQ,None
961,Bar,Medium,0.0,0.0,0.0,0.0,0.0,0.0,0.0,0.0,0.0,0.0,1.0,0.0,0.0,True,Qwen/Qwen2.5-Coder-14B-Instruct-AWQ,None
961,Bar,Medium,0.0,0.0,0.0,0.0,0.0,0.0,0.0,0.0,0.0,0.0,1.0,0.0,0.0,True,Qwen/Qwen2.5-Coder-14B-Instruct-AWQ,None
971,Pie,Easy,0.0,0.0,0.0,0.0,0.3333333333333333,0.0,0.0,0.0,0.0,0.3333333333333333,0.6666666666666666,0.0,0.0,False,Qwen/Qwen2.5-Coder-14B-Instruct-AWQ,None
971,Pie,Easy,0.0,0.0,0.0,0.0,0.3333333333333333,0.0,0.0,0.0,0.0,0.3333333333333333,0.6666666666666666,0.0,0.0,False,Qwen/Qwen2.5-Coder-14B-Instruct-AWQ,None
971,Pie,Easy,0.0,0.0,0.0,0.0,0.3333333333333333,0.0,0.0,0.0,0.0,0.3333333333333333,0.6666666666666666,0.0,0.0,False,Qwen/Qwen2.5-Coder-14B-Instruct-AWQ,None
975,Bar,Hard,0.5,0.0,0.0,0.0,0.0,0.0,0.0,0.0,0.5,0.0,0.5,0.0,0.0,True,Qwen/Qwen2.5-Coder-14B-Instruct-AWQ,None
975,Bar,Hard,0.5,0.0,0.0,0.0,0.0,0.0,0.0,0.0,0.5,0.0,0.5,0.0,0.0,True,Qwen/Qwen2.5-Coder-14B-Instruct-AWQ,None
975,Bar,Hard,0.5,0.0,0.0,0.0,0.0,0.0,0.0,0.0,0.5,0.0,0.5,0.0,0.0,True,Qwen/Qwen2.5-Coder-14B-Instruct-AWQ,None
990,Bar,Medium,0.0,0.0,0.0,0.0,0.0,0.0,0.0,0.0,0.0,0.0,1.0,0.0,0.0,True,Qwen/Qwen2.5-Coder-14B-Instruct-AWQ,None
990,Bar,Medium,0.0,0.0,0.0,0.0,0.0,0.0,0.0,0.0,0.0,0.0,1.0,0.0,0.0,True,Qwen/Qwen2.5-Coder-14B-Instruct-AWQ,None
990,Bar,Medium,0.0,0.0,0.0,0.0,0.0,0.0,0.0,0.0,0.0,0.0,1.0,0.0,0.0,True,Qwen/Qwen2.5-Coder-14B-Instruct-AWQ,None
994,Bar,Medium,0.0,0.0,0.0,0.0,0.0,0.0,0.0,0.0,0.0,0.0,1.0,0.0,0.0,True,Qwen/Qwen2.5-Coder-14B-Instruct-AWQ,None
994,Bar,Medium,0.0,0.0,0.0,0.0,0.0,0.0,0.0,0.0,0.0,0.0,1.0,0.0,0.0,True,Qwen/Qwen2.5-Coder-14B-Instruct-AWQ,None
994,Bar,Medium,0.0,0.0,0.0,0.0,0.0,0.0,0.0,0.0,0.0,0.0,1.0,0.0,0.0,True,Qwen/Qwen2.5-Coder-14B-Instruct-AWQ,None
998,Line,Medium,0.0,0.0,0.0,0.0,0.0,0.0,0.0,0.0,0.0,0.0,1.0,0.0,0.0,True,Qwen/Qwen2.5-Coder-14B-Instruct-AWQ,None
998,Line,Medium,0.0,0.0,0.0,0.0,0.0,0.0,0.0,0.0,0.0,0.0,1.0,0.0,0.0,True,Qwen/Qwen2.5-Coder-14B-Instruct-AWQ,None
998,Line,Medium,0.0,0.0,0.0,0.0,0.0,0.0,0.0,0.0,0.0,0.0,1.0,0.0,0.0,True,Qwen/Qwen2.5-Coder-14B-Instruct-AWQ,None
999,Pie,Easy,0.0,0.0,0.0,0.0,1.0,0.0,0.0,0.0,0.0,1.0,0.0,0.0,,False,Qwen/Qwen2.5-Coder-14B-Instruct-AWQ,None
999,Pie,Easy,0.0,0.0,0.0,0.0,1.0,0.0,0.0,0.0,0.0,1.0,0.0,0.0,,False,Qwen/Qwen2.5-Coder-14B-Instruct-AWQ,None
999,Pie,Easy,0.0,0.0,0.0,0.0,1.0,0.0,0.0,0.0,0.0,1.0,0.0,0.0,,False,Qwen/Qwen2.5-Coder-14B-Instruct-AWQ,None
1001,Bar,Medium,1.0,0.0,0.0,0.0,0.0,0.0,0.0,0.0,1.0,0.0,0.0,0.0,,True,Qwen/Qwen2.5-Coder-14B-Instruct-AWQ,None
1001,Bar,Medium,1.0,0.0,0.0,0.0,0.0,0.0,0.0,0.0,1.0,0.0,0.0,0.0,,True,Qwen/Qwen2.5-Coder-14B-Instruct-AWQ,None
1001,Bar,Medium,1.0,0.0,0.0,0.0,0.0,0.0,0.0,0.0,1.0,0.0,0.0,0.0,,True,Qwen/Qwen2.5-Coder-14B-Instruct-AWQ,None
